Higher taxonomy,Order,Family,Species,Maximum size (cm),von Bertalanffy growth rate (k),Maximum Age,Age at maturity,Litter size,interbirth interval,rmax,Habitat,Reference
Subclass HOLOCEPHALI,Chimaeriformes,Callorhinchidae  ,Callorhinchus capensis,60,0.051,12,4.2,22,1,0.595,shallow,"García VB, Lucifora LO, Myers RA. 2008. The importance of habitat and life history to extinction risk in sharks, skates, rays and chimaeras. Proceedings of the Royal Society of London, B 275: 83-89."
Subclass HOLOCEPHALI,Chimaeriformes,Callorhinchidae  ,Callorhinchus milii,97,0.224,15,4.5,13,1,0.556,shallow,"García VB, Lucifora LO, Myers RA. 2008. The importance of habitat and life history to extinction risk in sharks, skates, rays and chimaeras. Proceedings of the Royal Society of London, B 275: 83-89."
Subclass HOLOCEPHALI,Chimaeriformes,Chimaeridae      ,Chimaera monstrosa,74,0.084,29.4,11.5,22,1,0.217,deep,"García VB, Lucifora LO, Myers RA. 2008. The importance of habitat and life history to extinction risk in sharks, skates, rays and chimaeras. Proceedings of the Royal Society of London, B 275: 83-89."
Subclass NEOSELACHII - Cohort BATOIDEA,Myliobatiformes,Dasyatidae,Dasyatis americana,200,0.2,18,5.5,4.2,1,0.455,shallow,"García VB, Lucifora LO, Myers RA. 2008. The importance of habitat and life history to extinction risk in sharks, skates, rays and chimaeras. Proceedings of the Royal Society of London, B 275: 83-89."
Subclass NEOSELACHII - Cohort BATOIDEA,Myliobatiformes,Dasyatidae,Dasyatis chrysonota,71.9,0.07,10,7,6.2,1,0.357,shallow,"García VB, Lucifora LO, Myers RA. 2008. The importance of habitat and life history to extinction risk in sharks, skates, rays and chimaeras. Proceedings of the Royal Society of London, B 275: 83-89."
Subclass NEOSELACHII - Cohort BATOIDEA,Myliobatiformes,Dasyatidae,Dasyatis dipterura,83,0.05,28,9.5,2,1,0.263,shallow,"García VB, Lucifora LO, Myers RA. 2008. The importance of habitat and life history to extinction risk in sharks, skates, rays and chimaeras. Proceedings of the Royal Society of London, B 275: 83-89."
Subclass NEOSELACHII - Cohort BATOIDEA,Myliobatiformes,Dasyatidae,Dasyatis pastinaca,51,0.089,10,3.7,6.2,1,0.676,shallow,"García VB, Lucifora LO, Myers RA. 2008. The importance of habitat and life history to extinction risk in sharks, skates, rays and chimaeras. Proceedings of the Royal Society of London, B 275: 83-89."
Subclass NEOSELACHII - Cohort BATOIDEA,Myliobatiformes,Dasyatidae,Pteroplatytrygon violacea,96,0.41,24,3,4.5,1,0.833,shallow,"García VB, Lucifora LO, Myers RA. 2008. The importance of habitat and life history to extinction risk in sharks, skates, rays and chimaeras. Proceedings of the Royal Society of London, B 275: 83-89."
Subclass NEOSELACHII - Cohort BATOIDEA,Myliobatiformes,Mobulidae,Manta spp.,600,0.03 to 0.1,31,8 to 10,0.5,1 to 2,0.115,shallow,"Dulvy NK, Pardo SA, Simpfendorfer CA, Carlson JK. In Review. Diagnosing the dangerous demography of manta rays using life history theory. Peerj x: x."
Subclass NEOSELACHII - Cohort BATOIDEA,Myliobatiformes,Myliobatidae,Aetobatus flagellum,150,0.111,16,6,3.5,1,0.417,shallow,"García VB, Lucifora LO, Myers RA. 2008. The importance of habitat and life history to extinction risk in sharks, skates, rays and chimaeras. Proceedings of the Royal Society of London, B 275: 83-89."
Subclass NEOSELACHII - Cohort BATOIDEA,Myliobatiformes,Myliobatidae,Myliobatis californicus,140,0.099,24,5,3.8,1,0.5,shallow,"García VB, Lucifora LO, Myers RA. 2008. The importance of habitat and life history to extinction risk in sharks, skates, rays and chimaeras. Proceedings of the Royal Society of London, B 275: 83-89."
Subclass NEOSELACHII - Cohort BATOIDEA,Myliobatiformes,Rhinopteridae,Rhinoptera bonasus,104.8,0.097,15.5,6,1,1,0.417,shallow,"García VB, Lucifora LO, Myers RA. 2008. The importance of habitat and life history to extinction risk in sharks, skates, rays and chimaeras. Proceedings of the Royal Society of London, B 275: 83-89."
Subclass NEOSELACHII - Cohort BATOIDEA,Myliobatiformes,Urolophidae,Trygonoptera mucosa,36.9,0.241,16,5,1.1,1,0.5,shallow,"García VB, Lucifora LO, Myers RA. 2008. The importance of habitat and life history to extinction risk in sharks, skates, rays and chimaeras. Proceedings of the Royal Society of London, B 275: 83-89."
Subclass NEOSELACHII - Cohort BATOIDEA,Myliobatiformes,Urolophidae,Trygonoptera personata,31.1,0.143,14,4,1.2,1,0.625,shallow,"García VB, Lucifora LO, Myers RA. 2008. The importance of habitat and life history to extinction risk in sharks, skates, rays and chimaeras. Proceedings of the Royal Society of London, B 275: 83-89."
Subclass NEOSELACHII - Cohort BATOIDEA,Myliobatiformes,Urolophidae,Urolophus lobatus,27.7,0.369,14,3,1.3,1,0.833,shallow,"García VB, Lucifora LO, Myers RA. 2008. The importance of habitat and life history to extinction risk in sharks, skates, rays and chimaeras. Proceedings of the Royal Society of London, B 275: 83-89."
Subclass NEOSELACHII - Cohort BATOIDEA,Myliobatiformes,Urolophidae,Urolophus paucimaculatus,29.8,0.237,12,4,2.5,1,0.625,shallow,"García VB, Lucifora LO, Myers RA. 2008. The importance of habitat and life history to extinction risk in sharks, skates, rays and chimaeras. Proceedings of the Royal Society of London, B 275: 83-89."
Subclass NEOSELACHII - Cohort BATOIDEA,Pristiformes,Pristidae,Pristis perotteti,430,0.089,30,10,7.3,2,0.25,shallow,"García VB, Lucifora LO, Myers RA. 2008. The importance of habitat and life history to extinction risk in sharks, skates, rays and chimaeras. Proceedings of the Royal Society of London, B 275: 83-89."
Subclass NEOSELACHII - Cohort BATOIDEA,Rajiformes,Rajidae,Amblyraja radiata,105,0.13,16,11,31,1,0.227,shallow,"García VB, Lucifora LO, Myers RA. 2008. The importance of habitat and life history to extinction risk in sharks, skates, rays and chimaeras. Proceedings of the Royal Society of London, B 275: 83-89."
Subclass NEOSELACHII - Cohort BATOIDEA,Rajiformes,Rajidae,Bathyraja albomaculata,76.2,0.09,17,10,NA,1,0.25,shallow,"García VB, Lucifora LO, Myers RA. 2008. The importance of habitat and life history to extinction risk in sharks, skates, rays and chimaeras. Proceedings of the Royal Society of London, B 275: 83-89."
Subclass NEOSELACHII - Cohort BATOIDEA,Rajiformes,Rajidae,Bathyraja parmifera,119,0.087,17,10,NA,1,0.25,shallow,"García VB, Lucifora LO, Myers RA. 2008. The importance of habitat and life history to extinction risk in sharks, skates, rays and chimaeras. Proceedings of the Royal Society of London, B 275: 83-89."
Subclass NEOSELACHII - Cohort BATOIDEA,Rajiformes,Rajidae,Bathyraja trachura,91,0.08,17,14.5,NA,1,0.172,deep,"García VB, Lucifora LO, Myers RA. 2008. The importance of habitat and life history to extinction risk in sharks, skates, rays and chimaeras. Proceedings of the Royal Society of London, B 275: 83-89."
Subclass NEOSELACHII - Cohort BATOIDEA,Rajiformes,Rajidae,Dipturus batis,235,0.057,50,11,NA,1,0.227,shallow,"García VB, Lucifora LO, Myers RA. 2008. The importance of habitat and life history to extinction risk in sharks, skates, rays and chimaeras. Proceedings of the Royal Society of London, B 275: 83-89."
Subclass NEOSELACHII - Cohort BATOIDEA,Rajiformes,Rajidae,Dipturus chilensis,168,0.084,22.5,14,48.2,1,0.179,shallow,"García VB, Lucifora LO, Myers RA. 2008. The importance of habitat and life history to extinction risk in sharks, skates, rays and chimaeras. Proceedings of the Royal Society of London, B 275: 83-89."
Subclass NEOSELACHII - Cohort BATOIDEA,Rajiformes,Rajidae,Dipturus innominatus,240,0.095,24,13,NA,1,0.192,shallow,"García VB, Lucifora LO, Myers RA. 2008. The importance of habitat and life history to extinction risk in sharks, skates, rays and chimaeras. Proceedings of the Royal Society of London, B 275: 83-89."
Subclass NEOSELACHII - Cohort BATOIDEA,Rajiformes,Rajidae,Dipturus nasutus,118,0.16,9,5.7,NA,1,0.439,shallow,"García VB, Lucifora LO, Myers RA. 2008. The importance of habitat and life history to extinction risk in sharks, skates, rays and chimaeras. Proceedings of the Royal Society of London, B 275: 83-89."
Subclass NEOSELACHII - Cohort BATOIDEA,Rajiformes,Rajidae,Dipturus pullopunctatus,113.7,0.05,18,12.5,NA,1,0.2,shallow,"García VB, Lucifora LO, Myers RA. 2008. The importance of habitat and life history to extinction risk in sharks, skates, rays and chimaeras. Proceedings of the Royal Society of London, B 275: 83-89."
Subclass NEOSELACHII - Cohort BATOIDEA,Rajiformes,Rajidae,Dipturus trachydermus,253,0.079,26,17,48.7,1,0.147,deep,"García VB, Lucifora LO, Myers RA. 2008. The importance of habitat and life history to extinction risk in sharks, skates, rays and chimaeras. Proceedings of the Royal Society of London, B 275: 83-89."
Subclass NEOSELACHII - Cohort BATOIDEA,Rajiformes,Rajidae,Leucoraja erinacea,54,0.352,8,4,30,1,0.625,shallow,"García VB, Lucifora LO, Myers RA. 2008. The importance of habitat and life history to extinction risk in sharks, skates, rays and chimaeras. Proceedings of the Royal Society of London, B 275: 83-89."
Subclass NEOSELACHII - Cohort BATOIDEA,Rajiformes,Rajidae,Leucoraja naevus,72,0.108,14,9,90,1,0.278,shallow,"García VB, Lucifora LO, Myers RA. 2008. The importance of habitat and life history to extinction risk in sharks, skates, rays and chimaeras. Proceedings of the Royal Society of London, B 275: 83-89."
Subclass NEOSELACHII - Cohort BATOIDEA,Rajiformes,Rajidae,Leucoraja ocellata,100,0.059,29,11.5,35,1,0.217,shallow,"García VB, Lucifora LO, Myers RA. 2008. The importance of habitat and life history to extinction risk in sharks, skates, rays and chimaeras. Proceedings of the Royal Society of London, B 275: 83-89."
Subclass NEOSELACHII - Cohort BATOIDEA,Rajiformes,Rajidae,Malacoraja senta,66,0.125,14,5.7,NA,1,0.439,shallow,"García VB, Lucifora LO, Myers RA. 2008. The importance of habitat and life history to extinction risk in sharks, skates, rays and chimaeras. Proceedings of the Royal Society of London, B 275: 83-89."
Subclass NEOSELACHII - Cohort BATOIDEA,Rajiformes,Rajidae,Raja asterias,64,0.454,6.3,3.7,73,1,0.676,shallow,"García VB, Lucifora LO, Myers RA. 2008. The importance of habitat and life history to extinction risk in sharks, skates, rays and chimaeras. Proceedings of the Royal Society of London, B 275: 83-89."
Subclass NEOSELACHII - Cohort BATOIDEA,Rajiformes,Rajidae,Raja binoculata,203.9,0.09,26,8,1260,1,0.313,shallow,"García VB, Lucifora LO, Myers RA. 2008. The importance of habitat and life history to extinction risk in sharks, skates, rays and chimaeras. Proceedings of the Royal Society of London, B 275: 83-89."
Subclass NEOSELACHII - Cohort BATOIDEA,Rajiformes,Rajidae,Raja brachyura,109,0.129,8,5.5,90,1,0.455,shallow,"García VB, Lucifora LO, Myers RA. 2008. The importance of habitat and life history to extinction risk in sharks, skates, rays and chimaeras. Proceedings of the Royal Society of London, B 275: 83-89."
Subclass NEOSELACHII - Cohort BATOIDEA,Rajiformes,Rajidae,Raja clavata,104.4,0.091,10,5.6,142,1,0.446,shallow,"García VB, Lucifora LO, Myers RA. 2008. The importance of habitat and life history to extinction risk in sharks, skates, rays and chimaeras. Proceedings of the Royal Society of London, B 275: 83-89."
Subclass NEOSELACHII - Cohort BATOIDEA,Rajiformes,Rajidae,Raja microocellata,87.5,0.086,9,5,57.5,1,0.5,shallow,"García VB, Lucifora LO, Myers RA. 2008. The importance of habitat and life history to extinction risk in sharks, skates, rays and chimaeras. Proceedings of the Royal Society of London, B 275: 83-89."
Subclass NEOSELACHII - Cohort BATOIDEA,Rajiformes,Rajidae,Raja miraletus,71.7,0.172,8.2,2.3,61,1,1.087,shallow,"García VB, Lucifora LO, Myers RA. 2008. The importance of habitat and life history to extinction risk in sharks, skates, rays and chimaeras. Proceedings of the Royal Society of London, B 275: 83-89."
Subclass NEOSELACHII - Cohort BATOIDEA,Rajiformes,Rajidae,Raja montagui,74,0.204,7,4.6,60,1,0.543,shallow,"García VB, Lucifora LO, Myers RA. 2008. The importance of habitat and life history to extinction risk in sharks, skates, rays and chimaeras. Proceedings of the Royal Society of London, B 275: 83-89."
Subclass NEOSELACHII - Cohort BATOIDEA,Rajiformes,Rajidae,Raja rhina,132.2,0.04,26,10,NA,1,0.25,shallow,"García VB, Lucifora LO, Myers RA. 2008. The importance of habitat and life history to extinction risk in sharks, skates, rays and chimaeras. Proceedings of the Royal Society of London, B 275: 83-89."
Subclass NEOSELACHII - Cohort BATOIDEA,Rajiformes,Rajidae,Raja texana,63,0.229,9,5.8,NA,1,0.431,shallow,"García VB, Lucifora LO, Myers RA. 2008. The importance of habitat and life history to extinction risk in sharks, skates, rays and chimaeras. Proceedings of the Royal Society of London, B 275: 83-89."
Subclass NEOSELACHII - Cohort BATOIDEA,Rajiformes,Rajidae,Raja undulata,100,0.11,13,9,NA,1,0.278,shallow,"García VB, Lucifora LO, Myers RA. 2008. The importance of habitat and life history to extinction risk in sharks, skates, rays and chimaeras. Proceedings of the Royal Society of London, B 275: 83-89."
Subclass NEOSELACHII - Cohort BATOIDEA,Rhinobatiformes,Rhinobatidae     ,Rhinobatos horkelii,135,0.194,28,6.5,6,1,0.385,shallow,"García VB, Lucifora LO, Myers RA. 2008. The importance of habitat and life history to extinction risk in sharks, skates, rays and chimaeras. Proceedings of the Royal Society of London, B 275: 83-89."
Subclass NEOSELACHII - Cohort BATOIDEA,Rhinobatiformes,Rhinobatidae     ,Rhinobatos productus,130,0.016,11,7,9,1,0.357,shallow,"García VB, Lucifora LO, Myers RA. 2008. The importance of habitat and life history to extinction risk in sharks, skates, rays and chimaeras. Proceedings of the Royal Society of London, B 275: 83-89."
Subclass NEOSELACHII - Cohort BATOIDEA,Torpediniformes,Torpedinidae     ,Torpedo californica,102,0.073,16,9,17,1,0.278,shallow,"García VB, Lucifora LO, Myers RA. 2008. The importance of habitat and life history to extinction risk in sharks, skates, rays and chimaeras. Proceedings of the Royal Society of London, B 275: 83-89."
Subclass NEOSELACHII - Cohort BATOIDEA,Torpediniformes,Torpedinidae     ,Torpedo marmorata,63,0.088,20,12.5,11,3,0.2,shallow,"García VB, Lucifora LO, Myers RA. 2008. The importance of habitat and life history to extinction risk in sharks, skates, rays and chimaeras. Proceedings of the Royal Society of London, B 275: 83-89."
Subclass NEOSELACHII - Cohort BATOIDEA,Torpediniformes,Torpedinidae     ,Torpedo torpedo,41,0.275,10,4,3.4,1,0.625,shallow,"García VB, Lucifora LO, Myers RA. 2008. The importance of habitat and life history to extinction risk in sharks, skates, rays and chimaeras. Proceedings of the Royal Society of London, B 275: 83-89."
"Subclass NEOSELACHII, Cohort SELACHII",Carchariniformes,Carcharhinidae,Carcharhinus acronotus,132.4,0.266,19,3.8,3.9,2,0.658,shallow,"García VB, Lucifora LO, Myers RA. 2008. The importance of habitat and life history to extinction risk in sharks, skates, rays and chimaeras. Proceedings of the Royal Society of London, B 275: 83-89."
"Subclass NEOSELACHII, Cohort SELACHII",Carchariniformes,Carcharhinidae,Carcharhinus amblyrhynchos,190,0.294,12,6,4.1,2,0.417,shallow,"García VB, Lucifora LO, Myers RA. 2008. The importance of habitat and life history to extinction risk in sharks, skates, rays and chimaeras. Proceedings of the Royal Society of London, B 275: 83-89."
"Subclass NEOSELACHII, Cohort SELACHII",Carchariniformes,Carcharhinidae,Carcharhinus brachyurus,275,0.049,34.5,20.9,16.6,2,0.12,shallow,"García VB, Lucifora LO, Myers RA. 2008. The importance of habitat and life history to extinction risk in sharks, skates, rays and chimaeras. Proceedings of the Royal Society of London, B 275: 83-89."
"Subclass NEOSELACHII, Cohort SELACHII",Carchariniformes,Carcharhinidae,Carcharhinus brevipinna,294.1,0.1,19,9,8.5,2,0.278,shallow,"García VB, Lucifora LO, Myers RA. 2008. The importance of habitat and life history to extinction risk in sharks, skates, rays and chimaeras. Proceedings of the Royal Society of London, B 275: 83-89."
"Subclass NEOSELACHII, Cohort SELACHII",Carchariniformes,Carcharhinidae,Carcharhinus cautus,133,0.198,16.4,6,4.2,2,0.417,shallow,"García VB, Lucifora LO, Myers RA. 2008. The importance of habitat and life history to extinction risk in sharks, skates, rays and chimaeras. Proceedings of the Royal Society of London, B 275: 83-89."
"Subclass NEOSELACHII, Cohort SELACHII",Carchariniformes,Carcharhinidae,Carcharhinus falciformis,305,0.148,17.9,9,6.5,2,0.278,shallow,"García VB, Lucifora LO, Myers RA. 2008. The importance of habitat and life history to extinction risk in sharks, skates, rays and chimaeras. Proceedings of the Royal Society of London, B 275: 83-89."
"Subclass NEOSELACHII, Cohort SELACHII",Carchariniformes,Carcharhinidae,Carcharhinus galapagensis,300,0.172,15,7.8,8.7,2,0.321,shallow,"García VB, Lucifora LO, Myers RA. 2008. The importance of habitat and life history to extinction risk in sharks, skates, rays and chimaeras. Proceedings of the Royal Society of London, B 275: 83-89."
"Subclass NEOSELACHII, Cohort SELACHII",Carchariniformes,Carcharhinidae,Carcharhinus isodon,159.6,0.244,8,4.3,4,2,0.581,shallow,"García VB, Lucifora LO, Myers RA. 2008. The importance of habitat and life history to extinction risk in sharks, skates, rays and chimaeras. Proceedings of the Royal Society of London, B 275: 83-89."
"Subclass NEOSELACHII, Cohort SELACHII",Carchariniformes,Carcharhinidae,Carcharhinus leucas,300.2,0.076,28,18,9.9,2,0.139,shallow,"García VB, Lucifora LO, Myers RA. 2008. The importance of habitat and life history to extinction risk in sharks, skates, rays and chimaeras. Proceedings of the Royal Society of London, B 275: 83-89."
"Subclass NEOSELACHII, Cohort SELACHII",Carchariniformes,Carcharhinidae,Carcharhinus limbatus,191,0.21,10,6.5,4.6,2,0.385,shallow,"García VB, Lucifora LO, Myers RA. 2008. The importance of habitat and life history to extinction risk in sharks, skates, rays and chimaeras. Proceedings of the Royal Society of London, B 275: 83-89."
"Subclass NEOSELACHII, Cohort SELACHII",Carchariniformes,Carcharhinidae,Carcharhinus longimanus,285,0.101,14,5.5,6.1,2,0.455,shallow,"García VB, Lucifora LO, Myers RA. 2008. The importance of habitat and life history to extinction risk in sharks, skates, rays and chimaeras. Proceedings of the Royal Society of London, B 275: 83-89."
"Subclass NEOSELACHII, Cohort SELACHII",Carchariniformes,Carcharhinidae,Carcharhinus obscurus,357.2,0.043,34,20.5,10,3,0.122,shallow,"García VB, Lucifora LO, Myers RA. 2008. The importance of habitat and life history to extinction risk in sharks, skates, rays and chimaeras. Proceedings of the Royal Society of London, B 275: 83-89."
"Subclass NEOSELACHII, Cohort SELACHII",Carchariniformes,Carcharhinidae,Carcharhinus plumbeus,226.5,0.093,22.4,11.4,7.9,2,0.219,shallow,"García VB, Lucifora LO, Myers RA. 2008. The importance of habitat and life history to extinction risk in sharks, skates, rays and chimaeras. Proceedings of the Royal Society of London, B 275: 83-89."
"Subclass NEOSELACHII, Cohort SELACHII",Carchariniformes,Carcharhinidae,Carcharhinus porosus,128,0.076,24,6,4.5,1,0.417,shallow,"García VB, Lucifora LO, Myers RA. 2008. The importance of habitat and life history to extinction risk in sharks, skates, rays and chimaeras. Proceedings of the Royal Society of London, B 275: 83-89."
"Subclass NEOSELACHII, Cohort SELACHII",Carchariniformes,Carcharhinidae,Carcharhinus signatus,260,0.114,31.7,10,11.1,2,0.25,shallow,"García VB, Lucifora LO, Myers RA. 2008. The importance of habitat and life history to extinction risk in sharks, skates, rays and chimaeras. Proceedings of the Royal Society of London, B 275: 83-89."
"Subclass NEOSELACHII, Cohort SELACHII",Carchariniformes,Carcharhinidae,Carcharhinus sorrah,151.8,0.34,7,2.5,3.1,1,1,shallow,"García VB, Lucifora LO, Myers RA. 2008. The importance of habitat and life history to extinction risk in sharks, skates, rays and chimaeras. Proceedings of the Royal Society of London, B 275: 83-89."
"Subclass NEOSELACHII, Cohort SELACHII",Carchariniformes,Carcharhinidae,Carcharhinus tilstoni,196,0.14,12,3.5,3,1,0.714,shallow,"García VB, Lucifora LO, Myers RA. 2008. The importance of habitat and life history to extinction risk in sharks, skates, rays and chimaeras. Proceedings of the Royal Society of London, B 275: 83-89."
"Subclass NEOSELACHII, Cohort SELACHII",Carchariniformes,Carcharhinidae,Galeocerdo cuvier,410,0.184,22.5,10,31.5,2,0.25,shallow,"García VB, Lucifora LO, Myers RA. 2008. The importance of habitat and life history to extinction risk in sharks, skates, rays and chimaeras. Proceedings of the Royal Society of London, B 275: 83-89."
"Subclass NEOSELACHII, Cohort SELACHII",Carchariniformes,Carcharhinidae,Isogomphodon oxyrhynchus,160,0.121,20,6.5,5,2,0.385,shallow,"García VB, Lucifora LO, Myers RA. 2008. The importance of habitat and life history to extinction risk in sharks, skates, rays and chimaeras. Proceedings of the Royal Society of London, B 275: 83-89."
"Subclass NEOSELACHII, Cohort SELACHII",Carchariniformes,Carcharhinidae,Negaprion brevirostris,293.6,0.06,20,12.7,7.4,2,0.197,shallow,"García VB, Lucifora LO, Myers RA. 2008. The importance of habitat and life history to extinction risk in sharks, skates, rays and chimaeras. Proceedings of the Royal Society of London, B 275: 83-89."
"Subclass NEOSELACHII, Cohort SELACHII",Carchariniformes,Carcharhinidae,Prionace glauca,341.8,0.146,14,5,30,1,0.5,shallow,"García VB, Lucifora LO, Myers RA. 2008. The importance of habitat and life history to extinction risk in sharks, skates, rays and chimaeras. Proceedings of the Royal Society of London, B 275: 83-89."
"Subclass NEOSELACHII, Cohort SELACHII",Carchariniformes,Carcharhinidae,Rhizoprionodon taylori,78.4,1.013,7,1,4.5,1,2.5,shallow,"García VB, Lucifora LO, Myers RA. 2008. The importance of habitat and life history to extinction risk in sharks, skates, rays and chimaeras. Proceedings of the Royal Society of London, B 275: 83-89."
"Subclass NEOSELACHII, Cohort SELACHII",Carchariniformes,Carcharhinidae,Rhizoprionodon terraenovae,108.9,0.56,10.2,2.3,4.4,1,1.087,shallow,"García VB, Lucifora LO, Myers RA. 2008. The importance of habitat and life history to extinction risk in sharks, skates, rays and chimaeras. Proceedings of the Royal Society of London, B 275: 83-89."
"Subclass NEOSELACHII, Cohort SELACHII",Carchariniformes,Scyliorhinidae,Scyliorhinus canicula,71,0.15,12,7.6,45.5,1,0.329,shallow,"García VB, Lucifora LO, Myers RA. 2008. The importance of habitat and life history to extinction risk in sharks, skates, rays and chimaeras. Proceedings of the Royal Society of London, B 275: 83-89."
"Subclass NEOSELACHII, Cohort SELACHII",Carchariniformes,Sphyrnidae,Sphyrna lewini,331,0.156,18.6,5.8,20.1,1,0.431,shallow,"García VB, Lucifora LO, Myers RA. 2008. The importance of habitat and life history to extinction risk in sharks, skates, rays and chimaeras. Proceedings of the Royal Society of London, B 275: 83-89."
"Subclass NEOSELACHII, Cohort SELACHII",Carchariniformes,Sphyrnidae,Sphyrna tiburo,104,0.18,6.5,2.9,10,1,0.862,shallow,"García VB, Lucifora LO, Myers RA. 2008. The importance of habitat and life history to extinction risk in sharks, skates, rays and chimaeras. Proceedings of the Royal Society of London, B 275: 83-89."
"Subclass NEOSELACHII, Cohort SELACHII",Carchariniformes,Triakidae,Furgaleus macki,150,0.369,11.5,6.5,19,2,0.385,shallow,"García VB, Lucifora LO, Myers RA. 2008. The importance of habitat and life history to extinction risk in sharks, skates, rays and chimaeras. Proceedings of the Royal Society of London, B 275: 83-89."
"Subclass NEOSELACHII, Cohort SELACHII",Carchariniformes,Triakidae,Galeorhinus galeus,164.5,0.105,36.2,12.6,24.9,3,0.198,shallow,"García VB, Lucifora LO, Myers RA. 2008. The importance of habitat and life history to extinction risk in sharks, skates, rays and chimaeras. Proceedings of the Royal Society of London, B 275: 83-89."
"Subclass NEOSELACHII, Cohort SELACHII",Carchariniformes,Triakidae,Mustelus antarcticus,175,0.086,16,6.4,16,1,0.391,shallow,"García VB, Lucifora LO, Myers RA. 2008. The importance of habitat and life history to extinction risk in sharks, skates, rays and chimaeras. Proceedings of the Royal Society of London, B 275: 83-89."
"Subclass NEOSELACHII, Cohort SELACHII",Carchariniformes,Triakidae,Mustelus californicus,125,0.218,9,2.5,9.5,1,1,shallow,"García VB, Lucifora LO, Myers RA. 2008. The importance of habitat and life history to extinction risk in sharks, skates, rays and chimaeras. Proceedings of the Royal Society of London, B 275: 83-89."
"Subclass NEOSELACHII, Cohort SELACHII",Carchariniformes,Triakidae,Mustelus canis,132,0.292,16,4.4,9.5,1,0.568,shallow,"García VB, Lucifora LO, Myers RA. 2008. The importance of habitat and life history to extinction risk in sharks, skates, rays and chimaeras. Proceedings of the Royal Society of London, B 275: 83-89."
"Subclass NEOSELACHII, Cohort SELACHII",Carchariniformes,Triakidae,Mustelus henlei,100,0.225,13,2.5,4.5,1,1,shallow,"García VB, Lucifora LO, Myers RA. 2008. The importance of habitat and life history to extinction risk in sharks, skates, rays and chimaeras. Proceedings of the Royal Society of London, B 275: 83-89."
"Subclass NEOSELACHII, Cohort SELACHII",Carchariniformes,Triakidae,Mustelus lenticulatus,137,0.119,19.5,7.5,10.7,1,0.333,shallow,"García VB, Lucifora LO, Myers RA. 2008. The importance of habitat and life history to extinction risk in sharks, skates, rays and chimaeras. Proceedings of the Royal Society of London, B 275: 83-89."
"Subclass NEOSELACHII, Cohort SELACHII",Carchariniformes,Triakidae,Mustelus manazo,107,0.124,10,4,7.5,1,0.625,shallow,"García VB, Lucifora LO, Myers RA. 2008. The importance of habitat and life history to extinction risk in sharks, skates, rays and chimaeras. Proceedings of the Royal Society of London, B 275: 83-89."
"Subclass NEOSELACHII, Cohort SELACHII",Carchariniformes,Triakidae,Mustelus mustelus,164,0.06,24,13.5,11.5,1,0.185,shallow,"García VB, Lucifora LO, Myers RA. 2008. The importance of habitat and life history to extinction risk in sharks, skates, rays and chimaeras. Proceedings of the Royal Society of London, B 275: 83-89."
"Subclass NEOSELACHII, Cohort SELACHII",Carchariniformes,Triakidae,Triakis semifasciata,145,0.073,25,10,15,1,0.25,shallow,"García VB, Lucifora LO, Myers RA. 2008. The importance of habitat and life history to extinction risk in sharks, skates, rays and chimaeras. Proceedings of the Royal Society of London, B 275: 83-89."
"Subclass NEOSELACHII, Cohort SELACHII",Lamniformes,Alopiidae,Alopias pelagicus,365.2,0.085,28.5,8.6,2,1,0.291,shallow,"García VB, Lucifora LO, Myers RA. 2008. The importance of habitat and life history to extinction risk in sharks, skates, rays and chimaeras. Proceedings of the Royal Society of London, B 275: 83-89."
"Subclass NEOSELACHII, Cohort SELACHII",Lamniformes,Alopiidae,Alopias superciliosus,422,0.092,21,12.9,2,1,0.194,shallow,"García VB, Lucifora LO, Myers RA. 2008. The importance of habitat and life history to extinction risk in sharks, skates, rays and chimaeras. Proceedings of the Royal Society of London, B 275: 83-89."
"Subclass NEOSELACHII, Cohort SELACHII",Lamniformes,Cetorhinidae,Cetorhinus maximus,1043,0.06,40,10,1.5,2,0.25,shallow,"Pauly (2002) Growth and mortality of the Basking Shark Cetorhinus maximus and their implications for management of Whale Sharks Rhincodon typus. In: Fowler SL, Reed TM, and Dipper FA, eds. Proceedings of the international seminar and workshop, Sabah, Malaysia, July 1997. Gland, Switzerland and Cambridge, UK: IUCN Species Survival Commission Shark Specialist Group, 199-208."
"Subclass NEOSELACHII, Cohort SELACHII",Lamniformes,Lamnidae,Carcharodon carcharias,600,0.065,40,12.5,6,2,0.2,shallow,"García VB, Lucifora LO, Myers RA. 2008. The importance of habitat and life history to extinction risk in sharks, skates, rays and chimaeras. Proceedings of the Royal Society of London, B 275: 83-89."
"Subclass NEOSELACHII, Cohort SELACHII",Lamniformes,Lamnidae,Isurus oxyrinchus,385,0.05,21,15,12.5,3,0.167,shallow,"García VB, Lucifora LO, Myers RA. 2008. The importance of habitat and life history to extinction risk in sharks, skates, rays and chimaeras. Proceedings of the Royal Society of London, B 275: 83-89."
"Subclass NEOSELACHII, Cohort SELACHII",Lamniformes,Lamnidae,Lamna ditropis,257.3,0.17,20,7.5,4.5,1,0.333,shallow,"García VB, Lucifora LO, Myers RA. 2008. The importance of habitat and life history to extinction risk in sharks, skates, rays and chimaeras. Proceedings of the Royal Society of London, B 275: 83-89."
"Subclass NEOSELACHII, Cohort SELACHII",Lamniformes,Lamnidae,Lamna nasus,324.3,0.07,26,13,4,1,0.192,shallow,"García VB, Lucifora LO, Myers RA. 2008. The importance of habitat and life history to extinction risk in sharks, skates, rays and chimaeras. Proceedings of the Royal Society of London, B 275: 83-89."
"Subclass NEOSELACHII, Cohort SELACHII",Lamniformes,Odontaspididae,Carcharias taurus,269.5,0.136,12,6.9,2,2,0.362,shallow,"García VB, Lucifora LO, Myers RA. 2008. The importance of habitat and life history to extinction risk in sharks, skates, rays and chimaeras. Proceedings of the Royal Society of London, B 275: 83-89."
"Subclass NEOSELACHII, Cohort SELACHII",Orectolobiformes,Rhincodontidae,Rhincodon typus,1370,0.026,40,27.4,300,2,0.091,shallow,"García VB, Lucifora LO, Myers RA. 2008. The importance of habitat and life history to extinction risk in sharks, skates, rays and chimaeras. Proceedings of the Royal Society of London, B 275: 83-89."
"Subclass NEOSELACHII, Cohort SELACHII",Hexanchiformes,Hexanchidae,Notorynchus cepedianus,291,0.291,28.5,16,88.5,2,0.156,shallow,"García VB, Lucifora LO, Myers RA. 2008. The importance of habitat and life history to extinction risk in sharks, skates, rays and chimaeras. Proceedings of the Royal Society of London, B 275: 83-89."
"Subclass NEOSELACHII, Cohort SELACHII",Squaliformes,Centrophoridae,Centrophorus acus,160.8,0.155,NA,20,5,2,0.125,deep,"García VB, Lucifora LO, Myers RA. 2008. The importance of habitat and life history to extinction risk in sharks, skates, rays and chimaeras. Proceedings of the Royal Society of London, B 275: 83-89."
"Subclass NEOSELACHII, Cohort SELACHII",Squaliformes,Centrophoridae,Centrophorus granulosus,128,0.134,25,12.2,1,2,0.205,deep,"García VB, Lucifora LO, Myers RA. 2008. The importance of habitat and life history to extinction risk in sharks, skates, rays and chimaeras. Proceedings of the Royal Society of London, B 275: 83-89."
"Subclass NEOSELACHII, Cohort SELACHII",Squaliformes,Centrophoridae,Centrophorus squamosus,145,0.025,70,44,8.1,2.5,0.057,deep,"García VB, Lucifora LO, Myers RA. 2008. The importance of habitat and life history to extinction risk in sharks, skates, rays and chimaeras. Proceedings of the Royal Society of London, B 275: 83-89."
"Subclass NEOSELACHII, Cohort SELACHII",Squaliformes,Centrophoridae,Centroselachus crepidater,99.5,0.072,57,20,6,2,0.125,deep,"García VB, Lucifora LO, Myers RA. 2008. The importance of habitat and life history to extinction risk in sharks, skates, rays and chimaeras. Proceedings of the Royal Society of London, B 275: 83-89."
"Subclass NEOSELACHII, Cohort SELACHII",Squaliformes,Centrophoridae,Deania calcea,119,0.077,35,25,13,4,0.1,deep,"García VB, Lucifora LO, Myers RA. 2008. The importance of habitat and life history to extinction risk in sharks, skates, rays and chimaeras. Proceedings of the Royal Society of London, B 275: 83-89."
"Subclass NEOSELACHII, Cohort SELACHII",Squaliformes,Dalatiidae,Dalatias licha,182,0.198,18.4,6.8,12,3,0.368,deep,"García VB, Lucifora LO, Myers RA. 2008. The importance of habitat and life history to extinction risk in sharks, skates, rays and chimaeras. Proceedings of the Royal Society of London, B 275: 83-89."
"Subclass NEOSELACHII, Cohort SELACHII",Squaliformes,Etmopteridae,Etmopterus baxteri,88,0.038,57,30,11,3,0.083,deep,"García VB, Lucifora LO, Myers RA. 2008. The importance of habitat and life history to extinction risk in sharks, skates, rays and chimaeras. Proceedings of the Royal Society of London, B 275: 83-89."
"Subclass NEOSELACHII, Cohort SELACHII",Squaliformes,Etmopteridae,Etmopterus spinax,46,0.22,7,5,6.8,2,0.5,deep,"García VB, Lucifora LO, Myers RA. 2008. The importance of habitat and life history to extinction risk in sharks, skates, rays and chimaeras. Proceedings of the Royal Society of London, B 275: 83-89."
"Subclass NEOSELACHII, Cohort SELACHII",Squaliformes,Squalidae,Squalus acanthias,110,0.089,30,12.5,8,2,0.2,shallow,"García VB, Lucifora LO, Myers RA. 2008. The importance of habitat and life history to extinction risk in sharks, skates, rays and chimaeras. Proceedings of the Royal Society of London, B 275: 83-89."
"Subclass NEOSELACHII, Cohort SELACHII",Squaliformes,Squalidae,Squalus blainvillei,92,0.102,15,5.1,4,2,0.49,deep,"García VB, Lucifora LO, Myers RA. 2008. The importance of habitat and life history to extinction risk in sharks, skates, rays and chimaeras. Proceedings of the Royal Society of London, B 275: 83-89."
"Subclass NEOSELACHII, Cohort SELACHII",Squaliformes,Squalidae,Squalus megalops,78.2,0.032,32,15,3,2,0.167,deep,"García VB, Lucifora LO, Myers RA. 2008. The importance of habitat and life history to extinction risk in sharks, skates, rays and chimaeras. Proceedings of the Royal Society of London, B 275: 83-89."
"Subclass NEOSELACHII, Cohort SELACHII",Squaliformes,Squalidae,Squalus mitsukurii,91,0.041,27,15,3.6,2,0.167,deep,"García VB, Lucifora LO, Myers RA. 2008. The importance of habitat and life history to extinction risk in sharks, skates, rays and chimaeras. Proceedings of the Royal Society of London, B 275: 83-89."
"Subclass NEOSELACHII, Cohort SELACHII",Squatiniformes,Squatinidae,Squatina californica,118,0.162,35,10,6,1,0.25,shallow,"García VB, Lucifora LO, Myers RA. 2008. The importance of habitat and life history to extinction risk in sharks, skates, rays and chimaeras. Proceedings of the Royal Society of London, B 275: 83-89."
"Subclass NEOSELACHII, Cohort SELACHII",Squatiniformes,Squatinidae,Squatina guggenheim,92,0.275,12,4,5.5,3,0.625,shallow,"García VB, Lucifora LO, Myers RA. 2008. The importance of habitat and life history to extinction risk in sharks, skates, rays and chimaeras. Proceedings of the Royal Society of London, B 275: 83-89."
"Subclass NEOSELACHII, Cohort SELACHII",Squatiniformes,Squatinidae,Squatina occulta,131,0.129,21,10,6,4,0.25,shallow,"García VB, Lucifora LO, Myers RA. 2008. The importance of habitat and life history to extinction risk in sharks, skates, rays and chimaeras. Proceedings of the Royal Society of London, B 275: 83-89."
