region_name,location_name,common_name,latin_name,shark_id,max_sph,ave_sph,ratio,ref in cortes?
Coral Triangle,Cook Islands,Blacktip reef shark,Carcharhinus melanopterus,114,3.126984127,3.053287982,0.976432197,
Coral Triangle,Cook Islands,Eagle Rays,Aetobatus sp.,296,0.020408163,0.020408163,1,
Coral Triangle,Cook Islands,Grey reef shark,Carcharhinus amblyrhynchos,257,2.80952381,0.954192586,0.33962787,
Coral Triangle,Cook Islands,Ocellated eagle ray,Aetobatus ocellatus,196,0.436363636,0.166229522,0.380942655,
Coral Triangle,Cook Islands,Reef Manta,Mobula alfredi,339,0.031746032,0.031746032,1,
Coral Triangle,Cook Islands,Scalloped hammerhead shark,Sphyrna lewini,193,0.181818182,0.181818182,1,
Coral Triangle,Cook Islands,Silvertip shark,Carcharhinus albimarginatus,184,0.031746032,0.031746032,1,
Coral Triangle,Cook Islands,Tawny nurse shark,Nebrius ferrugineus,94,0.469387755,0.290249433,0.618357488,
Coral Triangle,Cook Islands,Unknown Manta,Mobula spp.,478,0.031746032,0.026077098,0.821428571,
Coral Triangle,Cook Islands,Unknown Ray,Unknown sp.,51,0.06122449,0.06122449,1,
Coral Triangle,Cook Islands,Unknown Shark,Unknown sp.,50,0.040816327,0.036281179,0.888888889,
Coral Triangle,Cook Islands,Whitetip reef shark,Triaenodon obesus,144,0.53968254,0.263052797,0.487421359,
Coral Triangle,Indonesia,Blacktip reef shark,Carcharhinus melanopterus,114,0.592592593,0.187630957,0.316627241,
Coral Triangle,Indonesia,Bluespotted fantail ray,Taeniura lymma,255,0.583333333,0.216830779,0.371709907,
Coral Triangle,Indonesia,Bluespotted maskray,Neotrygon kuhlii,158,0.704225352,0.233372366,0.33138876,
Coral Triangle,Indonesia,Broad Cowtail ray,Pastinachus ater,246,0.023121387,0.013490973,0.583484584,
Coral Triangle,Indonesia,Brown banded catshark/grey carpetshark,Chiloscyllium punctatum,234,0.105263158,0.078055308,0.741525424,
Coral Triangle,Indonesia,Common Blacktip shark,Carcharhinus limbatus,22,0.015873016,0.015873016,1,
Coral Triangle,Indonesia,Devil ray,Mobula sp.,297,0.666666667,0.15429538,0.231443069,
Coral Triangle,Indonesia,Eagle Rays,Aetobatus sp.,296,0.113402062,0.049088358,0.432870068,
Coral Triangle,Indonesia,Jenkin's whipray,Pateobatis jenkinsii,163,0.031746032,0.021970577,0.692073171,
Coral Triangle,Indonesia,Mangrove whipray,Urogymnus granulatus,100,0.033898305,0.019000746,0.560522004,
Coral Triangle,Indonesia,Marbled ray/ blotched fantail ray,Taeniurops meyeni,207,0.033898305,0.023264345,0.686298168,
Coral Triangle,Indonesia,Ocellated eagle ray,Aetobatus ocellatus,196,0.083333333,0.040178507,0.48214208,
Coral Triangle,Indonesia,Pink whipray,Pateobatis fai,214,0.083333333,0.05018702,0.602244238,
Coral Triangle,Indonesia,Porcupine Ray,Urogymnus asperrimus,289,0.012345679,0.009693966,0.785211268,
Coral Triangle,Indonesia,Requiem Shark,Unknown sp.,292,0.02247191,0.020211442,0.899409176,
Coral Triangle,Indonesia,Reticulate whipray/ honeycomb stingray,Himantura uarnak,235,0.084507042,0.035067814,0.414969136,
Coral Triangle,Indonesia,Shark ray/ bowmouth guitarfish,Rhina ancylostoma,224,0.006711409,0.006711409,1,
Coral Triangle,Indonesia,Tawny nurse shark,Nebrius ferrugineus,94,0.005617978,0.005617978,1,
Coral Triangle,Indonesia,Unknown eagle ray,Unknown sp.,299,0.05625,0.024358125,0.433033341,
Coral Triangle,Indonesia,Unknown Ray,Unknown sp.,51,0.027777778,0.015744664,0.566807897,
Coral Triangle,Indonesia,Unknown Shark,Unknown sp.,50,0.030927835,0.015624574,0.505194569,
Coral Triangle,Indonesia,Unknown thresher shark,Alopias sp.,394,0.01754386,0.01754386,1,
Coral Triangle,Indonesia,Whiprays,Himantura sp.,295,0.005780347,0.005780347,1,
Coral Triangle,Indonesia,Whiptail Stingray,Unknown sp.,291,0.005617978,0.005617978,1,
Coral Triangle,Indonesia,Whitespotted eagle ray,Aetobatus narinari,25,0.05,0.039285714,0.785714286,
Coral Triangle,Indonesia,Whitetip reef shark,Triaenodon obesus,144,0.103092784,0.034662659,0.336227789,
Coral Triangle,Japan,Blacktip reef shark,Carcharhinus melanopterus,114,0.013888889,0.013888889,1,
Coral Triangle,Japan,Bluespotted maskray,Neotrygon kuhlii,158,0.222222222,0.157163743,0.707236842,
Coral Triangle,Japan,Eagle Rays,Aetobatus sp.,296,0.013888889,0.013523392,0.973684211,
Coral Triangle,Japan,Great hammerhead shark,Sphyrna mokarran,21,0.013888889,0.013888889,1,
Coral Triangle,Japan,Lemon shark,Negaprion acutidens,170,0.027777778,0.027777778,1,
Coral Triangle,Japan,Marbled ray/ blotched fantail ray,Taeniurops meyeni,207,0.013157895,0.013157895,1,
Coral Triangle,Japan,Tawny nurse shark,Nebrius ferrugineus,94,0.041666667,0.027412281,0.657894737,
Coral Triangle,Japan,Unknown eagle ray,Unknown sp.,299,0.013888889,0.013888889,1,
Coral Triangle,Japan,Unknown Ray,Unknown sp.,51,0.027777778,0.020467836,0.736842105,
Coral Triangle,Japan,Whitetip reef shark,Triaenodon obesus,144,0.069444444,0.047880117,0.689473684,
Coral Triangle,Malaysia,Blacktip reef shark,Carcharhinus melanopterus,114,0.346153846,0.138903711,0.401277386,
Coral Triangle,Malaysia,Bluespotted fantail ray,Taeniura lymma,255,0.302083333,0.14317941,0.473973218,
Coral Triangle,Malaysia,Bluespotted maskray,Neotrygon kuhlii,158,0.402985075,0.139441006,0.346020274,
Coral Triangle,Malaysia,Broad Cowtail ray,Pastinachus ater,246,0.021276596,0.015503749,0.728676207,
Coral Triangle,Malaysia,Common Blacktip shark,Carcharhinus limbatus,22,0.019230769,0.019230769,1,
Coral Triangle,Malaysia,Eagle Rays,Aetobatus sp.,296,0.044776119,0.032003444,0.71474359,
Coral Triangle,Malaysia,Grey reef shark,Carcharhinus amblyrhynchos,257,0.333333333,0.171821306,0.515463918,
Coral Triangle,Malaysia,Ocellated eagle ray,Aetobatus ocellatus,196,0.052083333,0.036350945,0.697938144,
Coral Triangle,Malaysia,Pink whipray,Pateobatis fai,214,0.021276596,0.021276596,1,
Coral Triangle,Malaysia,Requiem Shark,Unknown sp.,292,0.142857143,0.142857143,1,
Coral Triangle,Malaysia,Scalloped hammerhead shark,Sphyrna lewini,193,0.095238095,0.095238095,1,
Coral Triangle,Malaysia,Sicklefin Weasel shark,Hemigaleus microstoma,376,0.019230769,0.019230769,1,
Coral Triangle,Malaysia,Spottail shark,Carcharhinus sorrah,206,0.019230769,0.019230769,1,
Coral Triangle,Malaysia,Tiger shark,Galeocerdo cuvier,19,0.019230769,0.019230769,1,
Coral Triangle,Malaysia,Unknown eagle ray,Unknown sp.,299,0.019230769,0.019230769,1,
Coral Triangle,Malaysia,Unknown Guitarfish,Rhynchobatus sp.,330,0.019230769,0.019230769,1,
Coral Triangle,Malaysia,Unknown Ray,Unknown sp.,51,0.021276596,0.018477579,0.86844623,
Coral Triangle,Malaysia,Unknown Shark,Unknown sp.,50,0.076923077,0.04351845,0.565739845,
Coral Triangle,Malaysia,Whiptail Stingray,Unknown sp.,291,0.010309278,0.010309278,1,
Coral Triangle,Malaysia,White spot guitarfish (2 spp.),Rhynchobatus spp.,219,0.038461538,0.028846154,0.75,
Coral Triangle,Malaysia,Whitetip reef shark,Triaenodon obesus,144,0.714285714,0.714285714,1,
Coral Triangle,Niue,Eagle Rays,Aetobatus sp.,296,0.183673469,0.183673469,1,
Coral Triangle,Niue,Grey reef shark,Carcharhinus amblyrhynchos,257,5.285714286,2.862857143,0.541621622,
Coral Triangle,Niue,Marbled ray/ blotched fantail ray,Taeniurops meyeni,207,0.040816327,0.040816327,1,
Coral Triangle,Niue,Ocellated eagle ray,Aetobatus ocellatus,196,0.040816327,0.040816327,1,
Coral Triangle,Niue,Unknown eagle ray,Unknown sp.,299,0.040816327,0.040816327,1,
Coral Triangle,Niue,Unknown Shark,Unknown sp.,50,0.12244898,0.12244898,1,
Coral Triangle,Niue,Whitespotted eagle ray,Aetobatus narinari,25,0.020408163,0.020408163,1,
Coral Triangle,Niue,Whitetip reef shark,Triaenodon obesus,144,0.571428571,0.315714286,0.5525,
Coral Triangle,Papua New Guinea,Blacktip reef shark,Carcharhinus melanopterus,114,0.392156863,0.15583629,0.397382541,
Coral Triangle,Papua New Guinea,Bluespotted fantail ray,Taeniura lymma,255,0.085106383,0.055165729,0.648197314,
Coral Triangle,Papua New Guinea,Bluespotted maskray,Neotrygon kuhlii,158,0.211538462,0.095147913,0.449790135,
Coral Triangle,Papua New Guinea,Broad Cowtail ray,Pastinachus ater,246,0.019607843,0.019607843,1,
Coral Triangle,Papua New Guinea,Common Blacktip shark,Carcharhinus limbatus,22,0.019607843,0.019607843,1,
Coral Triangle,Papua New Guinea,Devil ray,Mobula sp.,297,0.078431373,0.057734205,0.736111111,
Coral Triangle,Papua New Guinea,Eagle Rays,Aetobatus sp.,296,0.058823529,0.039955794,0.6792485,
Coral Triangle,Papua New Guinea,Fossil Shark,Hemipristis elongata,271,0.019607843,0.019607843,1,
Coral Triangle,Papua New Guinea,Grey reef shark,Carcharhinus amblyrhynchos,257,1.254901961,0.421786573,0.336111176,
Coral Triangle,Papua New Guinea,Lemon shark,Negaprion acutidens,170,0.019607843,0.019607843,1,
Coral Triangle,Papua New Guinea,Leopard/zebra shark,Stegostoma fasciatum,202,0.019230769,0.019230769,1,
Coral Triangle,Papua New Guinea,Mangrove whipray,Urogymnus granulatus,100,0.117647059,0.069461827,0.590425532,
Coral Triangle,Papua New Guinea,Ocellated eagle ray,Aetobatus ocellatus,196,0.019607843,0.018769393,0.957239057,
Coral Triangle,Papua New Guinea,Pink whipray,Pateobatis fai,214,0.085106383,0.04144069,0.486928105,
Coral Triangle,Papua New Guinea,Requiem Shark,Unknown sp.,292,0.078431373,0.064982403,0.828525641,
Coral Triangle,Papua New Guinea,Silvertip shark,Carcharhinus albimarginatus,184,0.063829787,0.063829787,1,
Coral Triangle,Papua New Guinea,Tawny nurse shark,Nebrius ferrugineus,94,0.039215686,0.039215686,1,
Coral Triangle,Papua New Guinea,Unknown eagle ray,Unknown sp.,299,0.098039216,0.046307885,0.472340426,
Coral Triangle,Papua New Guinea,Unknown Ray,Unknown sp.,51,0.078431373,0.06806184,0.867788462,
Coral Triangle,Papua New Guinea,Unknown Shark,Unknown sp.,50,0.176470588,0.097541977,0.552737872,
Coral Triangle,Papua New Guinea,Unknown thresher shark,Alopias sp.,394,0.019607843,0.019607843,1,
Coral Triangle,Papua New Guinea,White spot guitarfish (2 spp.),Rhynchobatus spp.,219,0.021276596,0.021276596,1,
Coral Triangle,Papua New Guinea,Whitetip reef shark,Triaenodon obesus,144,0.862745098,0.213475285,0.247437263,
Coral Triangle,Philippines,Blacktip reef shark,Carcharhinus melanopterus,114,0.20754717,0.13748145,0.662410623,
Coral Triangle,Philippines,Bluespotted fantail ray,Taeniura lymma,255,0.044444444,0.0278402,0.626404494,
Coral Triangle,Philippines,Bluespotted maskray,Neotrygon kuhlii,158,0.029411765,0.029411765,1,
Coral Triangle,Philippines,Broad Cowtail ray,Pastinachus ater,246,0.018867925,0.018867925,1,
Coral Triangle,Philippines,Carcharhinus sp.,Carcharhinus sp.,390,0.011235955,0.011235955,1,
Coral Triangle,Philippines,Eagle Rays,Aetobatus sp.,296,0.029411765,0.029411765,1,
Coral Triangle,Philippines,Grey reef shark,Carcharhinus amblyrhynchos,257,0.426966292,0.426966292,1,
Coral Triangle,Philippines,Marbled ray/ blotched fantail ray,Taeniurops meyeni,207,0.011235955,0.011235955,1,
Coral Triangle,Philippines,Ocellated eagle ray,Aetobatus ocellatus,196,0.071428571,0.042481281,0.594737935,
Coral Triangle,Philippines,Pink whipray,Pateobatis fai,214,0.018867925,0.01505194,0.797752809,
Coral Triangle,Philippines,Scalloped hammerhead shark,Sphyrna lewini,193,0.02247191,0.02247191,1,
Coral Triangle,Philippines,Tawny nurse shark,Nebrius ferrugineus,94,0.06741573,0.06741573,1,
Coral Triangle,Philippines,Tiger shark,Galeocerdo cuvier,19,0.02247191,0.02247191,1,
Coral Triangle,Philippines,Unknown Manta,Mobula spp.,478,0.011235955,0.011235955,1,
Coral Triangle,Philippines,Unknown Shark,Unknown sp.,50,0.037735849,0.037735849,1,
Coral Triangle,Philippines,Whale shark,Rhincodon typus,458,0.011235955,0.011235955,1,
Coral Triangle,Philippines,Whiprays,Himantura sp.,295,0.018867925,0.018867925,1,
Coral Triangle,Philippines,Whitetip reef shark,Triaenodon obesus,144,0.483146067,0.181034713,0.374699755,
Coral Triangle,Solomon Islands,Blacktip reef shark,Carcharhinus melanopterus,114,0.9,0.573737374,0.637485971,
Coral Triangle,Solomon Islands,Grey reef shark,Carcharhinus amblyrhynchos,257,1.6,0.765656566,0.478535354,
Coral Triangle,Solomon Islands,Lemon shark,Negaprion acutidens,170,0.033333333,0.033333333,1,
Coral Triangle,Solomon Islands,Mangrove whipray,Urogymnus granulatus,100,0.015151515,0.015151515,1,
Coral Triangle,Solomon Islands,Oceania Fantail Ray,Taeniura lessoni,480,0.015151515,0.015151515,1,
Coral Triangle,Solomon Islands,Ocellated eagle ray,Aetobatus ocellatus,196,0.151515152,0.151515152,1,
Coral Triangle,Solomon Islands,Requiem Shark,Unknown sp.,292,0.1,0.081818182,0.818181818,
Coral Triangle,Solomon Islands,Tawny nurse shark,Nebrius ferrugineus,94,0.033333333,0.033333333,1,
Coral Triangle,Solomon Islands,Unknown Shark,Unknown sp.,50,0.2,0.116666667,0.583333333,
Coral Triangle,Solomon Islands,Whitespotted eagle ray,Aetobatus narinari,25,0.03030303,0.03030303,1,
Coral Triangle,Solomon Islands,Whitetip reef shark,Triaenodon obesus,144,0.533333333,0.435353535,0.816287879,
Coral Triangle,Taiwan,Blacktip reef shark,Carcharhinus melanopterus,114,0.2,0.2,1,
Coral Triangle,Taiwan,Bluespotted maskray,Neotrygon kuhlii,158,0.046153846,0.038002296,0.823383085,
Coral Triangle,Taiwan,Common Blacktip shark,Carcharhinus limbatus,22,0.080645161,0.054608295,0.677142857,
Coral Triangle,Taiwan,Eagle Rays,Aetobatus sp.,296,0.028571429,0.028571429,1,
Coral Triangle,Taiwan,Grey reef shark,Carcharhinus amblyrhynchos,257,0.057142857,0.057142857,1,
Coral Triangle,Taiwan,Japanese Wobbegong,Orectolobus japonicus,479,0.023809524,0.023809524,1,
Coral Triangle,Taiwan,Jenkin's whipray,Pateobatis jenkinsii,163,0.016129032,0.016129032,1,
Coral Triangle,Taiwan,Lemon shark,Negaprion acutidens,170,0.080645161,0.080645161,1,
Coral Triangle,Taiwan,Marbled ray/ blotched fantail ray,Taeniurops meyeni,207,0.076923077,0.039731045,0.516503588,
Coral Triangle,Taiwan,Ocellated eagle ray,Aetobatus ocellatus,196,0.114285714,0.114285714,1,
Coral Triangle,Taiwan,Pink whipray,Pateobatis fai,214,0.257142857,0.136635945,0.531362007,
Coral Triangle,Taiwan,Requiem Shark,Unknown sp.,292,0.016129032,0.016129032,1,
Coral Triangle,Taiwan,Ringed Guitarfish,Rhinobatos hynnicephalus,385,0.015384615,0.015384615,1,
Coral Triangle,Taiwan,Unknown eagle ray,Unknown sp.,299,0.028571429,0.018445927,0.645607431,
Coral Triangle,Taiwan,Unknown Ray,Unknown sp.,51,0.016129032,0.016129032,1,
Coral Triangle,Taiwan,Unknown Shark,Unknown sp.,50,0.057142857,0.057142857,1,
Coral Triangle,Taiwan,Whitetip reef shark,Triaenodon obesus,144,0.028571429,0.021748401,0.76119403,
Coral Triangle,Vanuatu,Blacktip reef shark,Carcharhinus melanopterus,114,0.269230769,0.130342633,0.48412978,
Coral Triangle,Vanuatu,Bluespotted fantail ray,Taeniura lymma,255,0.033707865,0.018293537,0.54270825,
Coral Triangle,Vanuatu,Bluespotted maskray,Neotrygon kuhlii,158,0.166666667,0.091364574,0.548187445,
Coral Triangle,Vanuatu,Broad Cowtail ray,Pastinachus ater,246,0.012820513,0.012820513,1,
Coral Triangle,Vanuatu,Common Blacktip shark,Carcharhinus limbatus,22,0.012820513,0.012157383,0.948275862,
Coral Triangle,Vanuatu,Devil ray,Mobula sp.,297,0.012820513,0.012157383,0.948275862,
Coral Triangle,Vanuatu,Eagle Rays,Aetobatus sp.,296,0.056179775,0.033101106,0.589199689,
Coral Triangle,Vanuatu,Grey reef shark,Carcharhinus amblyrhynchos,257,0.112359551,0.068138919,0.60643638,
Coral Triangle,Vanuatu,Leopard/zebra shark,Stegostoma fasciatum,202,0.012820513,0.012028234,0.938202247,
Coral Triangle,Vanuatu,Marbled ray/ blotched fantail ray,Taeniurops meyeni,207,0.012820513,0.012820513,1,
Coral Triangle,Vanuatu,Ocellated eagle ray,Aetobatus ocellatus,196,0.057471264,0.027175911,0.472860847,
Coral Triangle,Vanuatu,Unknown eagle ray,Unknown sp.,299,0.015151515,0.013069328,0.862575627,
Coral Triangle,Vanuatu,Unknown Shark,Unknown sp.,50,0.045977011,0.033324483,0.724807496,
Coral Triangle,Vanuatu,Whitetip reef shark,Triaenodon obesus,144,0.141025641,0.101484851,0.719619854,
Coral Triangle,Vietnam,Unknown Ray,Unknown sp.,51,0.029411765,0.029411765,1,
Indian Ocean,Australia-Indian Ocean,Australian bull ray,Myliobatis australis,429,1.103448276,1.103448276,1,
Indian Ocean,Australia-Indian Ocean,Australian weasel shark,Hemigaleus australiensis,120,0.148148148,0.064031085,0.432209821,
Indian Ocean,Australia-Indian Ocean,Australian/Common Blacktip Shark,Carcharhinus tilstoni/limbatus,287,0.024390244,0.024390244,1,
Indian Ocean,Australia-Indian Ocean,Banded Catshark,Atelomycterus fasciatus,278,0.019607843,0.019607843,1,
Indian Ocean,Australia-Indian Ocean,Black Stingray,Dasyatis thetidis,273,0.018867925,0.018867925,1,
Indian Ocean,Australia-Indian Ocean,Blacktip reef shark,Carcharhinus melanopterus,114,5.2,0.731897226,0.140749466,
Indian Ocean,Australia-Indian Ocean,Bluespotted fantail ray,Taeniura lymma,255,0.1,0.052345679,0.52345679,
Indian Ocean,Australia-Indian Ocean,Bluespotted maskray,Neotrygon kuhlii,158,0.2,0.073824132,0.369120662,
Indian Ocean,Australia-Indian Ocean,Broad Cowtail ray,Pastinachus ater,246,0.075,0.056170487,0.748939821,
Indian Ocean,Australia-Indian Ocean,Brown banded catshark/grey carpetshark,Chiloscyllium punctatum,234,0.129032258,0.0570588,0.442205696,
Indian Ocean,Australia-Indian Ocean,Brown stingaree,Urolophus westraliensis,441,0.021276596,0.021276596,1,
Indian Ocean,Australia-Indian Ocean,Bull shark,Carcharhinus leucas,150,0.013888889,0.013888889,1,
Indian Ocean,Australia-Indian Ocean,Carcharhinus sp.,Carcharhinus sp.,390,0.133333333,0.05997811,0.449835824,
Indian Ocean,Australia-Indian Ocean,Coates shark,Carcharhinus coatesi,412,0.368421053,0.120220552,0.326312927,
Indian Ocean,Australia-Indian Ocean,Common Blacktip shark,Carcharhinus limbatus,22,0.159090909,0.052638818,0.330872572,
Indian Ocean,Australia-Indian Ocean,Deepwater sicklefin hound shark,Hemitriakis abdita,439,0.054054054,0.040184922,0.743421053,
Indian Ocean,Australia-Indian Ocean,Eagle Rays,Aetobatus sp.,296,0.275,0.124074074,0.451178451,
Indian Ocean,Australia-Indian Ocean,Flapnose ray,Rhinoptera javanica,435,0.619047619,0.316373125,0.511064278,
Indian Ocean,Australia-Indian Ocean,Fossil Shark,Hemipristis elongata,271,0.081632653,0.028905457,0.354091847,
Indian Ocean,Australia-Indian Ocean,Giant shovelnose ray,Glaucostegus typus,227,0.090909091,0.054614865,0.600763512,
Indian Ocean,Australia-Indian Ocean,Great hammerhead shark,Sphyrna mokarran,21,0.153846154,0.051449397,0.334421081,
Indian Ocean,Australia-Indian Ocean,Grey reef shark,Carcharhinus amblyrhynchos,257,3.09375,0.513732883,0.166055073,
Indian Ocean,Australia-Indian Ocean,Hound shark,Hemitriakis sp.,438,0.033333333,0.033333333,1,
Indian Ocean,Australia-Indian Ocean,Japanese devilray,Mobula japanica,425,0.090909091,0.090909091,1,
Indian Ocean,Australia-Indian Ocean,Jenkin's whipray,Pateobatis jenkinsii,163,0.083333333,0.036677711,0.440132536,
Indian Ocean,Australia-Indian Ocean,Lemon shark,Negaprion acutidens,170,0.111111111,0.0455401,0.409860901,
Indian Ocean,Australia-Indian Ocean,Leopard Whipray,Himantura leoparda,267,0.032258065,0.028949545,0.897435897,
Indian Ocean,Australia-Indian Ocean,Leopard/zebra shark,Stegostoma fasciatum,202,0.179487179,0.058884416,0.328070317,
Indian Ocean,Australia-Indian Ocean,Longcomb sawfish,Pristis zijsron,433,0.01369863,0.01369863,1,
Indian Ocean,Australia-Indian Ocean,Mangrove whipray,Urogymnus granulatus,100,0.1,0.042324873,0.42324873,
Indian Ocean,Australia-Indian Ocean,Marbled Catshark,Atelomycterus macleayi,272,0.041666667,0.041666667,1,
Indian Ocean,Australia-Indian Ocean,Marbled ray/ blotched fantail ray,Taeniurops meyeni,207,0.5,0.092089693,0.184179387,
Indian Ocean,Australia-Indian Ocean,Milk shark,Rhizoprionodon acutus,415,0.105263158,0.040526679,0.38500345,
Indian Ocean,Australia-Indian Ocean,Nervous shark,Carcharhinus cautus,410,0.173076923,0.099196689,0.573136428,
Indian Ocean,Australia-Indian Ocean,Oceanic Manta,Mobula birostris,340,0.1,0.05737526,0.573752603,
Indian Ocean,Australia-Indian Ocean,Oceanic white tip,Carcharhinus longimanus,414,0.01754386,0.01754386,1,
Indian Ocean,Australia-Indian Ocean,Ocellated eagle ray,Aetobatus ocellatus,196,0.034482759,0.034482759,1,
Indian Ocean,Australia-Indian Ocean,Ornate Eagle Ray,Aetomylaeus vespertilio,351,0.018867925,0.01737047,0.920634921,
Indian Ocean,Australia-Indian Ocean,Ornate wobbegong,Orectolobus ornatus,432,0.2,0.114814815,0.574074074,
Indian Ocean,Australia-Indian Ocean,Pigeye shark,Carcharhinus amboinensis,132,0.105263158,0.057246187,0.543838778,
Indian Ocean,Australia-Indian Ocean,Pink whipray,Pateobatis fai,214,0.37254902,0.063430749,0.170261483,
Indian Ocean,Australia-Indian Ocean,Plain maskray,Neotrygon annotata,418,0.021276596,0.021276596,1,
Indian Ocean,Australia-Indian Ocean,Port Jackson shark,Heterodontus portusjacksoni,420,0.222222222,0.138888889,0.625,
Indian Ocean,Australia-Indian Ocean,Requiem Shark,Unknown sp.,292,0.25,0.116051338,0.464205354,
Indian Ocean,Australia-Indian Ocean,Reticulate whipray/ honeycomb stingray,Himantura uarnak,235,0.050632911,0.03493184,0.689903846,
Indian Ocean,Australia-Indian Ocean,Sandbar shark,Carcharhinus plumbeus,244,0.2,0.05574276,0.278713798,
Indian Ocean,Australia-Indian Ocean,Scalloped hammerhead shark,Sphyrna lewini,193,0.024390244,0.024390244,1,
Indian Ocean,Australia-Indian Ocean,Shark ray/ bowmouth guitarfish,Rhina ancylostoma,224,0.058823529,0.03626108,0.616438356,
Indian Ocean,Australia-Indian Ocean,Short-tailed stingray,Bathytoshia brevicaudata,417,0.035714286,0.035714286,1,
Indian Ocean,Australia-Indian Ocean,Sicklefin hound shark,Hemitriakis falcata,440,0.066666667,0.034445007,0.516675099,
Indian Ocean,Australia-Indian Ocean,Silky shark,Carcharhinus falciformis,413,0.025,0.025,1,
Indian Ocean,Australia-Indian Ocean,Silvertip shark,Carcharhinus albimarginatus,184,0.166666667,0.100925926,0.605555556,
Indian Ocean,Australia-Indian Ocean,Sliteye shark,Loxodon macrorhinus,155,0.238095238,0.064421073,0.270568506,
Indian Ocean,Australia-Indian Ocean,Smooth hammerhead,Sphyrna zygaena,436,0.034482759,0.034482759,1,
Indian Ocean,Australia-Indian Ocean,Southern fiddler ray,Trygonorrhina fasciata,434,0.071428571,0.052380952,0.733333333,
Indian Ocean,Australia-Indian Ocean,Speckled catshark,Hemiscyllium trispeculare,419,0.1,0.036076393,0.360763932,
Indian Ocean,Australia-Indian Ocean,Spottail shark,Carcharhinus sorrah,206,0.0078125,0.0078125,1,
Indian Ocean,Australia-Indian Ocean,Striped stingaree,Trygonoptera Ovalis,442,0.4,0.176477833,0.441194581,
Indian Ocean,Australia-Indian Ocean,Tasselled wobbegong,Eucrossorhinus dasypogon,430,0.025,0.019913647,0.796545872,
Indian Ocean,Australia-Indian Ocean,Tawny nurse shark,Nebrius ferrugineus,94,0.454545455,0.085834622,0.188836168,
Indian Ocean,Australia-Indian Ocean,Tiger shark,Galeocerdo cuvier,19,0.25,0.073467099,0.293868398,
Indian Ocean,Australia-Indian Ocean,Unknown eagle ray,Unknown sp.,299,0.125,0.125,1,
Indian Ocean,Australia-Indian Ocean,Unknown Guitarfish,Rhynchobatus sp.,330,0.196078431,0.152387042,0.777173913,
Indian Ocean,Australia-Indian Ocean,Unknown maskray,Neotrygon sp.,411,0.153846154,0.088356881,0.574319728,
Indian Ocean,Australia-Indian Ocean,Unknown Ray,Unknown sp.,51,0.078431373,0.060954817,0.777173913,
Indian Ocean,Australia-Indian Ocean,Unknown Shark,Unknown sp.,50,0.02173913,0.02173913,1,
Indian Ocean,Australia-Indian Ocean,Unknown thresher shark,Alopias sp.,394,0.033333333,0.033333333,1,
Indian Ocean,Australia-Indian Ocean,Western wobbegong,Orectolobus hutchinsi,431,0.111111111,0.105555556,0.95,
Indian Ocean,Australia-Indian Ocean,Whiprays,Himantura sp.,295,0.025,0.018829114,0.753164557,
Indian Ocean,Australia-Indian Ocean,Whiptail Stingray,Unknown sp.,291,0.035714286,0.026007326,0.728205128,
Indian Ocean,Australia-Indian Ocean,Whiskery shark,Furgaleus macki,437,0.2,0.117857143,0.589285714,x
Indian Ocean,Australia-Indian Ocean,White-spotted guitarfish,Rhynchobatus australiae,322,0.1,0.048804837,0.488048374,
Indian Ocean,Australia-Indian Ocean,Whitespotted eagle ray,Aetobatus narinari,25,0.215686275,0.063773731,0.29567821,
Indian Ocean,Australia-Indian Ocean,Whitetip reef shark,Triaenodon obesus,144,0.895833333,0.210453276,0.234924588,
Indian Ocean,India,Unknown Ray,Unknown sp.,51,0.02173913,0.02173913,1,
Indian Ocean,Kenya,Bluespotted fantail ray,Taeniura lymma,255,0.1,0.1,1,
Indian Ocean,Kenya,Bluespotted maskray,Neotrygon kuhlii,158,0.05,0.05,1,
Indian Ocean,Kenya,Devil ray,Mobula sp.,297,0.023255814,0.023255814,1,
Indian Ocean,Kenya,Grey-spotted Guitarfish,Acroteriobatus leucospilus,403,0.05,0.05,1,
Indian Ocean,Kenya,Unknown Ray,Unknown sp.,51,0.25,0.148255814,0.593023256,
Indian Ocean,Madagascar,Bluespotted fantail ray,Taeniura lymma,255,0.125,0.064828953,0.518631623,
Indian Ocean,Madagascar,Bluespotted maskray,Neotrygon kuhlii,158,0.095238095,0.060119048,0.63125,
Indian Ocean,Madagascar,Broad Cowtail ray,Pastinachus ater,246,0.02,0.02,1,
Indian Ocean,Madagascar,Carcharhinus sp.,Carcharhinus sp.,390,0.043478261,0.043478261,1,
Indian Ocean,Madagascar,Fossil Shark,Hemipristis elongata,271,0.029411765,0.029411765,1,
Indian Ocean,Madagascar,Great hammerhead shark,Sphyrna mokarran,21,0.02,0.02,1,
Indian Ocean,Madagascar,Grey reef shark,Carcharhinus amblyrhynchos,257,0.24,0.115903411,0.482930879,
Indian Ocean,Madagascar,Leopard/zebra shark,Stegostoma fasciatum,202,0.047619048,0.027460317,0.576666667,
Indian Ocean,Madagascar,Mangrove whipray,Urogymnus granulatus,100,0.043478261,0.043478261,1,
Indian Ocean,Madagascar,Marbled ray/ blotched fantail ray,Taeniurops meyeni,207,0.044444444,0.026111111,0.5875,
Indian Ocean,Madagascar,Ocellated eagle ray,Aetobatus ocellatus,196,0.025,0.025,1,
Indian Ocean,Madagascar,Reticulate whipray/ honeycomb stingray,Himantura uarnak,235,0.041666667,0.032738095,0.785714286,
Indian Ocean,Madagascar,Silvertip shark,Carcharhinus albimarginatus,184,0.025,0.025,1,
Indian Ocean,Madagascar,Sliteye shark,Loxodon macrorhinus,155,0.029411765,0.029411765,1,
Indian Ocean,Madagascar,Unknown Ray,Unknown sp.,51,0.02,0.02,1,
Indian Ocean,Madagascar,Unknown Shark,Unknown sp.,50,0.04,0.04,1,
Indian Ocean,Madagascar,Whiptail Stingray,Unknown sp.,291,0.04,0.03,0.75,
Indian Ocean,Madagascar,Whitespotted eagle ray,Aetobatus narinari,25,0.06,0.037146234,0.619103906,
Indian Ocean,Madagascar,Whitetip reef shark,Triaenodon obesus,144,0.127659574,0.06830564,0.535060847,
Indian Ocean,Maldives,Blacktip reef shark,Carcharhinus melanopterus,114,1.238095238,0.388028638,0.313407746,
Indian Ocean,Maldives,Broad Cowtail ray,Pastinachus ater,246,0.142857143,0.122710623,0.858974359,
Indian Ocean,Maldives,Carcharhinus sp.,Carcharhinus sp.,390,0.071428571,0.04029304,0.564102564,
Indian Ocean,Maldives,Devil ray,Mobula sp.,297,0.119047619,0.073099415,0.614035088,
Indian Ocean,Maldives,Eagle Rays,Aetobatus sp.,296,0.025641026,0.024420024,0.952380952,
Indian Ocean,Maldives,Great hammerhead shark,Sphyrna mokarran,21,0.023809524,0.023809524,1,
Indian Ocean,Maldives,Grey reef shark,Carcharhinus amblyrhynchos,257,0.512820513,0.227152234,0.442946856,
Indian Ocean,Maldives,Jenkin's whipray,Pateobatis jenkinsii,163,0.128205128,0.090418354,0.705263158,
Indian Ocean,Maldives,Lemon shark,Negaprion acutidens,170,0.047619048,0.047619048,1,
Indian Ocean,Maldives,Leopard/zebra shark,Stegostoma fasciatum,202,0.023809524,0.023809524,1,
Indian Ocean,Maldives,Mangrove whipray,Urogymnus granulatus,100,0.205128205,0.082699464,0.403159888,
Indian Ocean,Maldives,Marbled ray/ blotched fantail ray,Taeniurops meyeni,207,0.136363636,0.09544622,0.69993895,
Indian Ocean,Maldives,Ocellated eagle ray,Aetobatus ocellatus,196,0.142857143,0.096073517,0.67251462,
Indian Ocean,Maldives,Pink whipray,Pateobatis fai,214,0.025641026,0.024184149,0.943181818,
Indian Ocean,Maldives,Requiem Shark,Unknown sp.,292,0.022727273,0.022727273,1,
Indian Ocean,Maldives,Tawny nurse shark,Nebrius ferrugineus,94,0.142857143,0.078021978,0.546153846,
Indian Ocean,Maldives,Unknown eagle ray,Unknown sp.,299,0.071428571,0.071428571,1,
Indian Ocean,Maldives,Unknown Shark,Unknown sp.,50,0.095238095,0.071428571,0.75,
Indian Ocean,Maldives,Whale shark,Rhincodon typus,458,0.119047619,0.119047619,1,
Indian Ocean,Maldives,White spot guitarfish (2 spp.),Rhynchobatus spp.,219,0.023809524,0.023809524,1,
Indian Ocean,Maldives,Whitetip reef shark,Triaenodon obesus,144,0.642857143,0.381611496,0.593617883,
Indian Ocean,Mayotte,Grey reef shark,Carcharhinus amblyrhynchos,257,0.282608696,0.163035882,0.5768962,
Indian Ocean,Mayotte,Ocellated eagle ray,Aetobatus ocellatus,196,0.043478261,0.043478261,1,
Indian Ocean,Mayotte,Tawny nurse shark,Nebrius ferrugineus,94,0.018867925,0.018867925,1,
Indian Ocean,Mayotte,Whitetip reef shark,Triaenodon obesus,144,0.055555556,0.03930058,0.707410446,
Indian Ocean,Mozambique,Blackspot shark,Carcharhinus sealei,443,0.051724138,0.051724138,1,
Indian Ocean,Mozambique,Blacktip reef shark,Carcharhinus melanopterus,114,0.048780488,0.042247387,0.866071429,
Indian Ocean,Mozambique,Broad Cowtail ray,Pastinachus ater,246,0.041666667,0.038690476,0.928571429,
Indian Ocean,Mozambique,Bronze Whaler,Carcharhinus brachyurus,282,0.017241379,0.017241379,1,
Indian Ocean,Mozambique,Bull shark,Carcharhinus leucas,150,0.083333333,0.052111356,0.625336268,
Indian Ocean,Mozambique,Carcharhinus sp.,Carcharhinus sp.,390,0.206896552,0.176619008,0.853658537,
Indian Ocean,Mozambique,Common Blacktip shark,Carcharhinus limbatus,22,0.051724138,0.043719212,0.845238095,
Indian Ocean,Mozambique,Devil ray,Mobula sp.,297,0.978723404,0.357371403,0.365140346,
Indian Ocean,Mozambique,Electric ray,Narcine sp.,455,0.090909091,0.090909091,1,
Indian Ocean,Mozambique,Giant Guitarfish,Rhynchobatus djiddensis,461,0.068965517,0.068965517,1,
Indian Ocean,Mozambique,Grey reef shark,Carcharhinus amblyrhynchos,257,0.243902439,0.152828806,0.626598103,
Indian Ocean,Mozambique,Lesser sandshark,Rhinobatos annulatus,459,0.017241379,0.017241379,1,
Indian Ocean,Mozambique,Mangrove whipray,Urogymnus granulatus,100,0.021276596,0.021276596,1,
Indian Ocean,Mozambique,Marbled ray/ blotched fantail ray,Taeniurops meyeni,207,0.181818182,0.065500706,0.360253882,
Indian Ocean,Mozambique,Ocellated eagle ray,Aetobatus ocellatus,196,0.181818182,0.08251791,0.453848506,
Indian Ocean,Mozambique,Pink whipray,Pateobatis fai,214,0.071428571,0.047159606,0.660234478,
Indian Ocean,Mozambique,Requiem Shark,Unknown sp.,292,0.166666667,0.076853341,0.461120044,
Indian Ocean,Mozambique,Reticulate whipray/ honeycomb stingray,Himantura uarnak,235,0.035714286,0.030491213,0.853753974,
Indian Ocean,Mozambique,Rhinobatid Guitarfish,Rhinobatos sp.,460,0.017241379,0.017241379,1,
Indian Ocean,Mozambique,Scalloped hammerhead shark,Sphyrna lewini,193,0.155172414,0.155172414,1,
Indian Ocean,Mozambique,Smalleye stingray,Megatrygon microps,445,0.035714286,0.035714286,1,
Indian Ocean,Mozambique,Tawny nurse shark,Nebrius ferrugineus,94,0.017241379,0.017241379,1,
Indian Ocean,Mozambique,Tiger shark,Galeocerdo cuvier,19,0.017241379,0.017241379,1,
Indian Ocean,Mozambique,Unknown eagle ray,Unknown sp.,299,0.181818182,0.109955942,0.604757683,
Indian Ocean,Mozambique,Whiptail Stingray,Unknown sp.,291,0.178571429,0.130952381,0.733333333,
Indian Ocean,Mozambique,White spot guitarfish (2 spp.),Rhynchobatus spp.,219,0.083333333,0.043000058,0.516000692,
Indian Ocean,Mozambique,Whitetip reef shark,Triaenodon obesus,144,0.127659574,0.078461051,0.614611563,
Indian Ocean,Qatar,Broad Cowtail ray,Pastinachus ater,246,0.046511628,0.046511628,1,
Indian Ocean,Qatar,Eagle Rays,Aetobatus sp.,296,0.046511628,0.046511628,1,
Indian Ocean,Qatar,Reticulate whipray/ honeycomb stingray,Himantura uarnak,235,0.069767442,0.045300388,0.649305556,
Indian Ocean,Qatar,Unknown Guitarfish,Rhynchobatus sp.,330,0.023255814,0.023255814,1,
Indian Ocean,Qatar,Unknown Shark,Unknown sp.,50,0.023255814,0.023255814,1,
Indian Ocean,Qatar,Whiprays,Himantura sp.,295,0.023255814,0.023255814,1,
Indian Ocean,Saudi Arabia,Blacktip reef shark,Carcharhinus melanopterus,114,0.018181818,0.018181818,1,
Indian Ocean,Saudi Arabia,Bluespotted fantail ray,Taeniura lymma,255,0.109090909,0.074153298,0.679738562,
Indian Ocean,Saudi Arabia,Grey reef shark,Carcharhinus amblyrhynchos,257,0.090909091,0.055258467,0.607843137,
Indian Ocean,Saudi Arabia,Tawny nurse shark,Nebrius ferrugineus,94,0.072727273,0.072727273,1,
Indian Ocean,Saudi Arabia,Unknown eagle ray,Unknown sp.,299,0.058823529,0.058823529,1,
Indian Ocean,Saudi Arabia,Unknown Guitarfish,Rhynchobatus sp.,330,0.019607843,0.019607843,1,
Indian Ocean,Saudi Arabia,Unknown maskray,Neotrygon sp.,411,0.019607843,0.019607843,1,
Indian Ocean,Saudi Arabia,Unknown Ray,Unknown sp.,51,0.036363636,0.036363636,1,
Indian Ocean,Saudi Arabia,Whitespotted eagle ray,Aetobatus narinari,25,0.058823529,0.047593583,0.809090909,
Indian Ocean,Saudi Arabia,Whitetip reef shark,Triaenodon obesus,144,0.058823529,0.047593583,0.809090909,
Indian Ocean,Seychelles,Bull shark,Carcharhinus leucas,150,0.019607843,0.019607843,1,
Indian Ocean,Seychelles,Grey reef shark,Carcharhinus amblyrhynchos,257,0.705882353,0.532186459,0.753930818,
Indian Ocean,Seychelles,Lemon shark,Negaprion acutidens,170,0.176470588,0.163706992,0.927672956,
Indian Ocean,Seychelles,Mangrove whipray,Urogymnus granulatus,100,0.056603774,0.038105808,0.673202614,
Indian Ocean,Seychelles,Marbled ray/ blotched fantail ray,Taeniurops meyeni,207,0.019607843,0.019607843,1,
Indian Ocean,Seychelles,Oceanic Manta,Mobula birostris,340,0.018867925,0.018867925,1,
Indian Ocean,Seychelles,Pink whipray,Pateobatis fai,214,0.150943396,0.144099149,0.954656863,
Indian Ocean,Seychelles,Reef Manta,Mobula alfredi,339,0.056603774,0.056603774,1,
Indian Ocean,Seychelles,Requiem Shark,Unknown sp.,292,0.058823529,0.048279689,0.820754717,
Indian Ocean,Seychelles,Silvertip shark,Carcharhinus albimarginatus,184,0.098039216,0.098039216,1,
Indian Ocean,Seychelles,Tawny nurse shark,Nebrius ferrugineus,94,0.41509434,0.354605993,0.854278075,
Indian Ocean,Seychelles,Unknown eagle ray,Unknown sp.,299,0.056603774,0.056603774,1,
Indian Ocean,Seychelles,Unknown Guitarfish,Rhynchobatus sp.,330,0.056603774,0.038105808,0.673202614,
Indian Ocean,Seychelles,Unknown Ray,Unknown sp.,51,0.075471698,0.075471698,1,
Indian Ocean,Seychelles,Unknown Shark,Unknown sp.,50,0.075471698,0.075471698,1,
Indian Ocean,Seychelles,Whiprays,Himantura sp.,295,0.037735849,0.028671846,0.759803922,
Indian Ocean,Seychelles,White-spotted guitarfish,Rhynchobatus australiae,322,0.018867925,0.018867925,1,
Indian Ocean,Seychelles,Whitespotted eagle ray,Aetobatus narinari,25,0.019607843,0.019607843,1,
Indian Ocean,Seychelles,Whitetip reef shark,Triaenodon obesus,144,0.058823529,0.058823529,1,
Indian Ocean,South Africa,Black Stingray,Dasyatis thetidis,273,0.012658228,0.012658228,1,
Indian Ocean,South Africa,Blackspot shark,Carcharhinus sealei,443,0.202531646,0.153897402,0.759868421,
Indian Ocean,South Africa,Bluespotted fantail ray,Taeniura lymma,255,0.025316456,0.025316456,1,
Indian Ocean,South Africa,Bull shark,Carcharhinus leucas,150,0.050632911,0.050632911,1,
Indian Ocean,South Africa,Carcharhinus sp.,Carcharhinus sp.,390,0.026315789,0.026315789,1,
Indian Ocean,South Africa,Common Blacktip shark,Carcharhinus limbatus,22,0.025316456,0.025316456,1,
Indian Ocean,South Africa,Fossil Shark,Hemipristis elongata,271,0.012658228,0.012658228,1,
Indian Ocean,South Africa,Giant Guitarfish,Rhynchobatus djiddensis,461,0.063291139,0.057961359,0.915789474,
Indian Ocean,South Africa,Grey reef shark,Carcharhinus amblyrhynchos,257,0.368421053,0.253830779,0.688969259,
Indian Ocean,South Africa,Hammerhead,Sphyrna sp.,294,0.026315789,0.026315789,1,
Indian Ocean,South Africa,Leopard Whipray,Himantura leoparda,267,0.012658228,0.012658228,1,
Indian Ocean,South Africa,Marbled ray/ blotched fantail ray,Taeniurops meyeni,207,0.037974684,0.037974684,1,
Indian Ocean,South Africa,Milk shark,Rhizoprionodon acutus,415,0.012658228,0.012658228,1,
Indian Ocean,South Africa,Pink whipray,Pateobatis fai,214,0.026315789,0.026315789,1,
Indian Ocean,South Africa,Requiem Shark,Unknown sp.,292,0.012658228,0.012658228,1,
Indian Ocean,South Africa,Reticulate whipray/ honeycomb stingray,Himantura uarnak,235,0.052631579,0.051632245,0.981012658,
Indian Ocean,South Africa,Scalloped hammerhead shark,Sphyrna lewini,193,0.012658228,0.012658228,1,
Indian Ocean,South Africa,Shortfin devilray,Mobula kuhlii,448,0.037974684,0.037974684,1,
Indian Ocean,South Africa,Silvertip shark,Carcharhinus albimarginatus,184,0.012658228,0.012658228,1,
Indian Ocean,South Africa,Tiger shark,Galeocerdo cuvier,19,0.184210526,0.136409061,0.740506329,
Indian Ocean,South Africa,Unknown eagle ray,Unknown sp.,299,0.012658228,0.012658228,1,
Indian Ocean,South Africa,Whiptail Stingray,Unknown sp.,291,0.026315789,0.026315789,1,
Indian Ocean,South Africa,Whitespotted eagle ray,Aetobatus narinari,25,0.025316456,0.025316456,1,
Indian Ocean,South Africa,Whitetip reef shark,Triaenodon obesus,144,0.025316456,0.025316456,1,
Indian Ocean,Sri Lanka,Blacktip reef shark,Carcharhinus melanopterus,114,0.137254902,0.137254902,1,
Indian Ocean,Sri Lanka,Bluespotted maskray,Neotrygon kuhlii,158,0.018518519,0.018518519,1,
Indian Ocean,Sri Lanka,Unknown Ray,Unknown sp.,51,0.018518519,0.018518519,1,
Indian Ocean,Tanzania,Bluespotted fantail ray,Taeniura lymma,255,0.119047619,0.107600733,0.903846154,
Indian Ocean,Tanzania,Unknown eagle ray,Unknown sp.,299,0.047619048,0.047619048,1,
Indian Ocean,Tanzania,Unknown Guitarfish,Rhynchobatus sp.,330,0.019230769,0.019230769,1,
Indian Ocean,Tanzania,Unknown Ray,Unknown sp.,51,0.076923077,0.074175824,0.964285714,
Indian Ocean,Tanzania,Whitetip reef shark,Triaenodon obesus,144,0.142857143,0.081043956,0.567307692,
Pacific,American Samoa,Blacktip reef shark,Carcharhinus melanopterus,114,0.326530612,0.264960221,0.811440678,
Pacific,American Samoa,Bluespotted maskray,Neotrygon kuhlii,158,0.016949153,0.016949153,1,
Pacific,American Samoa,Grey reef shark,Carcharhinus amblyrhynchos,257,0.12244898,0.103597371,0.846045198,
Pacific,American Samoa,Ocellated eagle ray,Aetobatus ocellatus,196,0.020408163,0.020408163,1,
Pacific,American Samoa,Pink whipray,Pateobatis fai,214,0.020408163,0.018678658,0.915254237,
Pacific,American Samoa,Tiger shark,Galeocerdo cuvier,19,0.016949153,0.016949153,1,
Pacific,American Samoa,Unknown Shark,Unknown sp.,50,0.040816327,0.02888274,0.707627119,
Pacific,American Samoa,Whitetip reef shark,Triaenodon obesus,144,0.06122449,0.047561397,0.776836158,
Pacific,Australia-Pacific,Australian sharpnose shark/Milk shark,Rhizoprionodon taylori/acutus,464,0.12,0.089411765,0.745098039,
Pacific,Australia-Pacific,Australian weasel shark,Hemigaleus australiensis,120,0.105263158,0.04034706,0.383297066,
Pacific,Australia-Pacific,Australian Whipray,Himantura australis,407,0.021276596,0.021276596,1,
Pacific,Australia-Pacific,Australian/Common Blacktip Shark,Carcharhinus tilstoni/limbatus,287,0.04,0.026062775,0.651569383,x
Pacific,Australia-Pacific,Black Stingray,Dasyatis thetidis,273,0.071428571,0.071428571,1,
Pacific,Australia-Pacific,Blacktip reef shark,Carcharhinus melanopterus,114,0.76,0.162248382,0.213484713,
Pacific,Australia-Pacific,Bluespotted fantail ray,Taeniura lymma,255,0.234042553,0.084851019,0.362545264,
Pacific,Australia-Pacific,Bluespotted maskray,Neotrygon kuhlii,158,0.208333333,0.085363059,0.409742683,
Pacific,Australia-Pacific,Broad Cowtail ray,Pastinachus ater,246,0.043478261,0.03173913,0.73,
Pacific,Australia-Pacific,Brown banded catshark/grey carpetshark,Chiloscyllium punctatum,234,0.285714286,0.091970688,0.321897407,
Pacific,Australia-Pacific,Bull shark,Carcharhinus leucas,150,0.086956522,0.037179919,0.427569073,
Pacific,Australia-Pacific,Common Blacktip shark,Carcharhinus limbatus,22,0.02,0.02,1,
Pacific,Australia-Pacific,Devil ray,Mobula sp.,297,0.035714286,0.03452381,0.966666667,
Pacific,Australia-Pacific,Eagle Rays,Aetobatus sp.,296,0.086956522,0.049302506,0.566978817,
Pacific,Australia-Pacific,Epaulette shark,Hemiscyllium ocellatum,121,0.066666667,0.035724677,0.535870158,
Pacific,Australia-Pacific,Fossil Shark,Hemipristis elongata,271,0.04,0.028130081,0.703252033,
Pacific,Australia-Pacific,Galapagos Shark,Carcharhinus galapagensis,386,6,5.073994253,0.845665709,
Pacific,Australia-Pacific,Great hammerhead shark,Sphyrna mokarran,21,0.073170732,0.031612087,0.432031853,
Pacific,Australia-Pacific,Grey reef shark,Carcharhinus amblyrhynchos,257,1.31372549,0.507848862,0.386571522,
Pacific,Australia-Pacific,Hardnose Shark,Carcharhinus macloti,260,0.12,0.063732493,0.531104108,
Pacific,Australia-Pacific,Lemon shark,Negaprion acutidens,170,0.195121951,0.066054287,0.338528223,
Pacific,Australia-Pacific,Leopard/zebra shark,Stegostoma fasciatum,202,0.019607843,0.019607843,1,
Pacific,Australia-Pacific,Mangrove whipray,Urogymnus granulatus,100,0.024390244,0.021463415,0.88,
Pacific,Australia-Pacific,Marbled ray/ blotched fantail ray,Taeniurops meyeni,207,0.285714286,0.120701064,0.422453725,
Pacific,Australia-Pacific,Ocellated eagle ray,Aetobatus ocellatus,196,0.105263158,0.053566235,0.508879234,
Pacific,Australia-Pacific,Pink whipray,Pateobatis fai,214,0.039215686,0.028254082,0.720479082,
Pacific,Australia-Pacific,Porcupine Ray,Urogymnus asperrimus,289,0.016666667,0.016666667,1,
Pacific,Australia-Pacific,Requiem Shark,Unknown sp.,292,0.097560976,0.055845756,0.572419004,
Pacific,Australia-Pacific,Sandbar shark,Carcharhinus plumbeus,244,0.041666667,0.031666667,0.76,
Pacific,Australia-Pacific,Scalloped hammerhead shark,Sphyrna lewini,193,0.039215686,0.039215686,1,
Pacific,Australia-Pacific,Silvertip shark,Carcharhinus albimarginatus,184,0.052631579,0.042982456,0.816666667,
Pacific,Australia-Pacific,Spottail shark,Carcharhinus sorrah,206,0.024390244,0.024390244,1,x
Pacific,Australia-Pacific,Tawny nurse shark,Nebrius ferrugineus,94,0.12,0.054987613,0.458230108,
Pacific,Australia-Pacific,Tiger shark,Galeocerdo cuvier,19,0.266666667,0.076668494,0.287506854,
Pacific,Australia-Pacific,Unknown eagle ray,Unknown sp.,299,0.018181818,0.018181818,1,
Pacific,Australia-Pacific,Unknown Guitarfish,Rhynchobatus sp.,330,0.024390244,0.020528455,0.841666667,
Pacific,Australia-Pacific,Unknown Manta,Mobula spp.,478,0.086956522,0.086956522,1,
Pacific,Australia-Pacific,Unknown Ray,Unknown sp.,51,0.02,0.02,1,
Pacific,Australia-Pacific,Unknown Shark,Unknown sp.,50,0.105263158,0.067622287,0.642411724,
Pacific,Australia-Pacific,Whiptail Stingray,Unknown sp.,291,0.024390244,0.024390244,1,
Pacific,Australia-Pacific,White-spotted guitarfish,Rhynchobatus australiae,322,0.133333333,0.078647025,0.589852689,
Pacific,Australia-Pacific,White spot guitarfish (2 spp.),Rhynchobatus spp.,219,0.052631579,0.034574083,0.65690758,
Pacific,Australia-Pacific,Whitecheek Shark,Carcharhinus dussumieri,329,0.066666667,0.036888251,0.553323769,
Pacific,Australia-Pacific,Whitetip reef shark,Triaenodon obesus,144,0.666666667,0.27776551,0.416648265,
Pacific,Federated States of Micronesia,Blacktip reef shark,Carcharhinus melanopterus,114,0.918367347,0.561417817,0.611321623,
Pacific,Federated States of Micronesia,Bull shark,Carcharhinus leucas,150,0.020408163,0.020408163,1,
Pacific,Federated States of Micronesia,Devil ray,Mobula sp.,297,0.098039216,0.098039216,1,
Pacific,Federated States of Micronesia,Eagle Rays,Aetobatus sp.,296,0.08,0.055326631,0.691582883,
Pacific,Federated States of Micronesia,Grey reef shark,Carcharhinus amblyrhynchos,257,1.857142857,1.38987395,0.748393665,
Pacific,Federated States of Micronesia,Lemon shark,Negaprion acutidens,170,0.020833333,0.020620748,0.989795918,
Pacific,Federated States of Micronesia,Mangrove whipray,Urogymnus granulatus,100,0.020833333,0.020833333,1,
Pacific,Federated States of Micronesia,Ocellated eagle ray,Aetobatus ocellatus,196,0.039215686,0.039215686,1,
Pacific,Federated States of Micronesia,Silvertip shark,Carcharhinus albimarginatus,184,0.098039216,0.098039216,1,
Pacific,Federated States of Micronesia,Tawny nurse shark,Nebrius ferrugineus,94,0.176470588,0.079840436,0.452429138,
Pacific,Federated States of Micronesia,Unknown eagle ray,Unknown sp.,299,0.040816327,0.040816327,1,
Pacific,Federated States of Micronesia,Unknown Shark,Unknown sp.,50,0.34,0.211294268,0.621453729,
Pacific,Federated States of Micronesia,Whitetip reef shark,Triaenodon obesus,144,0.549019608,0.347305922,0.63259293,
Pacific,Fiji,Blacktip reef shark,Carcharhinus melanopterus,114,0.285714286,0.091307007,0.319574524,
Pacific,Fiji,Bluespotted fantail ray,Taeniura lymma,255,0.033333333,0.033333333,1,
Pacific,Fiji,Grey reef shark,Carcharhinus amblyrhynchos,257,0.71875,0.195915492,0.272578076,
Pacific,Fiji,Leopard/zebra shark,Stegostoma fasciatum,202,0.02173913,0.02173913,1,
Pacific,Fiji,Oceanic Manta,Mobula birostris,340,0.041666667,0.041666667,1,
Pacific,Fiji,Ocellated eagle ray,Aetobatus ocellatus,196,0.0625,0.05625,0.9,
Pacific,Fiji,Pink whipray,Pateobatis fai,214,0.05,0.05,1,
Pacific,Fiji,Silvertip shark,Carcharhinus albimarginatus,184,0.035714286,0.02827381,0.791666667,
Pacific,Fiji,Unknown maskray,Neotrygon sp.,411,0.035714286,0.035714286,1,
Pacific,Fiji,Unknown Ray,Unknown sp.,51,0.078431373,0.064215686,0.81875,
Pacific,Fiji,Unknown Shark,Unknown sp.,50,0.0625,0.0625,1,
Pacific,Fiji,White spot guitarfish (2 spp.),Rhynchobatus spp.,219,0.019607843,0.019607843,1,
Pacific,Fiji,Whitespotted eagle ray,Aetobatus narinari,25,0.1,0.060869565,0.608695652,
Pacific,Fiji,Whitetip reef shark,Triaenodon obesus,144,0.5,0.196435379,0.392870757,
Pacific,French Polynesia,Australian/Common Blacktip Shark,Carcharhinus tilstoni/limbatus,287,0.15,0.086627907,0.57751938,x
Pacific,French Polynesia,Blacktip reef shark,Carcharhinus melanopterus,114,2.363636364,1.247724415,0.527883406,
Pacific,French Polynesia,Common Blacktip shark,Carcharhinus limbatus,22,0.025,0.024423503,0.976940133,
Pacific,French Polynesia,Devil ray,Mobula sp.,297,0.05,0.037195122,0.743902439,
Pacific,French Polynesia,Eagle Rays,Aetobatus sp.,296,0.12195122,0.073801758,0.605174419,
Pacific,French Polynesia,Great hammerhead shark,Sphyrna mokarran,21,0.025,0.025,1,
Pacific,French Polynesia,Grey reef shark,Carcharhinus amblyrhynchos,257,3.4,0.730604022,0.214883536,
Pacific,French Polynesia,Lemon shark,Negaprion acutidens,170,0.488372093,0.106181354,0.217418963,
Pacific,French Polynesia,Marbled ray/ blotched fantail ray,Taeniurops meyeni,207,0.175,0.104199002,0.59542287,
Pacific,French Polynesia,Oceanic Manta,Mobula birostris,340,0.146341463,0.082113821,0.561111111,
Pacific,French Polynesia,Ocellated eagle ray,Aetobatus ocellatus,196,0.1,0.043313953,0.433139535,
Pacific,French Polynesia,Pink whipray,Pateobatis fai,214,0.048780488,0.048780488,1,
Pacific,French Polynesia,Reef Manta,Mobula alfredi,339,0.05,0.034423503,0.688470067,
Pacific,French Polynesia,Scalloped hammerhead shark,Sphyrna lewini,193,0.048780488,0.032169254,0.659469697,
Pacific,French Polynesia,Silvertip shark,Carcharhinus albimarginatus,184,0.025,0.024418605,0.976744186,
Pacific,French Polynesia,Tawny nurse shark,Nebrius ferrugineus,94,0.2,0.081408369,0.407041845,
Pacific,French Polynesia,Tiger shark,Galeocerdo cuvier,19,0.025,0.024529212,0.981168463,
Pacific,French Polynesia,Unknown eagle ray,Unknown sp.,299,0.025,0.025,1,
Pacific,French Polynesia,Unknown Ray,Unknown sp.,51,0.025,0.023863636,0.954545455,
Pacific,French Polynesia,Unknown Shark,Unknown sp.,50,0.025,0.024607676,0.984307052,
Pacific,French Polynesia,Whiptail Stingray,Unknown sp.,291,0.024390244,0.024390244,1,
Pacific,French Polynesia,Whitetip reef shark,Triaenodon obesus,144,0.775,0.207929366,0.268295956,
Pacific,Guam,Blacktip reef shark,Carcharhinus melanopterus,114,0.357142857,0.22078341,0.618193548,
Pacific,Guam,Grey reef shark,Carcharhinus amblyrhynchos,257,0.096774194,0.073387097,0.758333333,
Pacific,Guam,Marbled ray/ blotched fantail ray,Taeniurops meyeni,207,0.032258065,0.032258065,1,
Pacific,Guam,Oceanic Manta,Mobula birostris,340,0.25,0.25,1,
Pacific,Guam,Requiem Shark,Unknown sp.,292,0.071428571,0.071428571,1,
Pacific,Guam,Whitespotted eagle ray,Aetobatus narinari,25,0.064516129,0.064516129,1,
Pacific,Guam,Whitetip reef shark,Triaenodon obesus,144,0.35483871,0.202419355,0.570454545,
Pacific,Kiribati,Blacktip reef shark,Carcharhinus melanopterus,114,0.610169492,0.579278294,0.94937276,
Pacific,Kiribati,Devil ray,Mobula sp.,297,0.118644068,0.083515582,0.703917051,
Pacific,Kiribati,Eagle Rays,Aetobatus sp.,296,0.06779661,0.058091853,0.856854839,
Pacific,Kiribati,Grey reef shark,Carcharhinus amblyrhynchos,257,0.627118644,0.627118644,1,
Pacific,Kiribati,Ocellated eagle ray,Aetobatus ocellatus,196,0.064516129,0.064516129,1,
Pacific,Kiribati,Unknown Ray,Unknown sp.,51,0.016129032,0.016129032,1,
Pacific,Kiribati,Unknown Shark,Unknown sp.,50,0.129032258,0.129032258,1,
Pacific,Kiribati,Whitetip reef shark,Triaenodon obesus,144,0.271186441,0.159786769,0.58921371,
Pacific,New Caledonia,Blacktip reef shark,Carcharhinus melanopterus,114,0.03125,0.03125,1,
Pacific,New Caledonia,Bluespotted maskray,Neotrygon kuhlii,158,0.025,0.025,1,
Pacific,New Caledonia,Grey reef shark,Carcharhinus amblyrhynchos,257,3.28125,1.90128663,0.579439735,
Pacific,New Caledonia,Hammerhead,Sphyrna sp.,294,0.035714286,0.035714286,1,
Pacific,New Caledonia,Marbled ray/ blotched fantail ray,Taeniurops meyeni,207,0.035714286,0.035714286,1,
Pacific,New Caledonia,Ocellated eagle ray,Aetobatus ocellatus,196,0.025,0.025,1,
Pacific,New Caledonia,Pink whipray,Pateobatis fai,214,0.075,0.075,1,
Pacific,New Caledonia,Silvertip shark,Carcharhinus albimarginatus,184,0.285714286,0.158482143,0.5546875,
Pacific,New Caledonia,Tawny nurse shark,Nebrius ferrugineus,94,0.075,0.075,1,
Pacific,New Caledonia,Tiger shark,Galeocerdo cuvier,19,0.051282051,0.038141026,0.74375,
Pacific,New Caledonia,Unknown Ray,Unknown sp.,51,0.025641026,0.025641026,1,
Pacific,New Caledonia,Unknown Shark,Unknown sp.,50,0.075,0.0625,0.833333333,
Pacific,New Caledonia,Whitetip reef shark,Triaenodon obesus,144,1.230769231,0.51043956,0.414732143,
Pacific,New Zealand,Brown stingray,Bathytoshia lata,462,0.25,0.25,1,
Pacific,New Zealand,Galapagos Shark,Carcharhinus galapagensis,386,1.75,1.708333333,0.976190476,
Pacific,New Zealand,Requiem Shark,Unknown sp.,292,0.166666667,0.166666667,1,
Pacific,New Zealand,Scalloped hammerhead shark,Sphyrna lewini,193,0.083333333,0.083333333,1,
Pacific,New Zealand,Short-tailed stingray,Bathytoshia brevicaudata,417,0.083333333,0.083333333,1,
Pacific,New Zealand,Undescribed Kermadecs Mustelus,Mustelus spp.,474,0.083333333,0.083333333,1,
Pacific,New Zealand,Unknown Ray,Unknown sp.,51,0.083333333,0.083333333,1,
Pacific,New Zealand,Unknown Shark,Unknown sp.,50,0.333333333,0.333333333,1,
Pacific,New Zealand,White Shark,Carcharodon carcharias,472,0.083333333,0.083333333,1,
Pacific,Palau,Blacktip reef shark,Carcharhinus melanopterus,114,0.290322581,0.188030273,0.64765983,
Pacific,Palau,Bluespotted maskray,Neotrygon kuhlii,158,0.039215686,0.039215686,1,
Pacific,Palau,Broad Cowtail ray,Pastinachus ater,246,0.078431373,0.047280202,0.602822581,
Pacific,Palau,Devil ray,Mobula sp.,297,0.078431373,0.078431373,1,
Pacific,Palau,Eagle Rays,Aetobatus sp.,296,0.235294118,0.147058824,0.625,
Pacific,Palau,Great hammerhead shark,Sphyrna mokarran,21,0.019607843,0.019607843,1,
Pacific,Palau,Grey reef shark,Carcharhinus amblyrhynchos,257,0.862745098,0.606831665,0.703373066,
Pacific,Palau,Lemon shark,Negaprion acutidens,170,0.078431373,0.057245887,0.729885057,
Pacific,Palau,Mangrove whipray,Urogymnus granulatus,100,0.019607843,0.018424611,0.939655172,
Pacific,Palau,Ocellated eagle ray,Aetobatus ocellatus,196,0.019607843,0.019607843,1,
Pacific,Palau,Ornate Eagle Ray,Aetomylaeus vespertilio,351,0.019607843,0.019607843,1,
Pacific,Palau,Pink whipray,Pateobatis fai,214,0.096774194,0.04532996,0.468409586,
Pacific,Palau,Porcupine Ray,Urogymnus asperrimus,289,0.016129032,0.016129032,1,
Pacific,Palau,Silvertip shark,Carcharhinus albimarginatus,184,0.048387097,0.048387097,1,
Pacific,Palau,Tawny nurse shark,Nebrius ferrugineus,94,0.078431373,0.060489324,0.771238877,
Pacific,Palau,Unknown eagle ray,Unknown sp.,299,0.017241379,0.017241379,1,
Pacific,Palau,Unknown Ray,Unknown sp.,51,0.019607843,0.019607843,1,
Pacific,Palau,Unknown Shark,Unknown sp.,50,0.196078431,0.151535475,0.772830923,
Pacific,Palau,Whitetip reef shark,Triaenodon obesus,144,0.588235294,0.337553709,0.573841305,
Pacific,Samoa,Blacktip reef shark,Carcharhinus melanopterus,114,0.14,0.100612245,0.718658892,
Pacific,Samoa,Bluespotted maskray,Neotrygon kuhlii,158,0.040816327,0.040816327,1,
Pacific,Samoa,Grey reef shark,Carcharhinus amblyrhynchos,257,0.36,0.210612245,0.585034014,
Pacific,Samoa,Pink whipray,Pateobatis fai,214,0.102040816,0.071020408,0.696,
Pacific,Samoa,Unknown Ray,Unknown sp.,51,0.081632653,0.081632653,1,
Pacific,Samoa,Unknown Shark,Unknown sp.,50,0.14,0.14,1,
Pacific,Samoa,Whitetip reef shark,Triaenodon obesus,144,0.14,0.080204082,0.572886297,
Pacific,Tonga,Grey reef shark,Carcharhinus amblyrhynchos,257,1.083333333,0.833333333,0.769230769,
Pacific,Tonga,Tiger shark,Galeocerdo cuvier,19,0.416666667,0.416666667,1,
Pacific,Tonga,Unknown Shark,Unknown sp.,50,0.083333333,0.083333333,1,
Pacific,Tonga,Whitetip reef shark,Triaenodon obesus,144,1,0.958333333,0.958333333,
Pacific,USA-Pacific,Australian/Common Blacktip Shark,Carcharhinus tilstoni/limbatus,287,0.028571429,0.028571429,1,x
Pacific,USA-Pacific,Blacktip reef shark,Carcharhinus melanopterus,114,2.298507463,1.184065641,0.515145441,
Pacific,USA-Pacific,Brown stingray,Bathytoshia lata,462,0.214285714,0.214285714,1,
Pacific,USA-Pacific,Carcharhinus sp.,Carcharhinus sp.,390,0.104477612,0.104477612,1,
Pacific,USA-Pacific,Devil ray,Mobula sp.,297,0.285714286,0.15448505,0.540697674,
Pacific,USA-Pacific,Eagle Rays,Aetobatus sp.,296,0.028571429,0.028174603,0.986111111,
Pacific,USA-Pacific,Galapagos Shark,Carcharhinus galapagensis,386,2.333333333,0.737999473,0.316285489,
Pacific,USA-Pacific,Grey reef shark,Carcharhinus amblyrhynchos,257,7.204081633,1.48421498,0.206024176,
Pacific,USA-Pacific,Hammerhead,Sphyrna sp.,294,0.06122449,0.06122449,1,
Pacific,USA-Pacific,Lemon shark,Negaprion brevirostris,20,0.025,0.019962687,0.798507463,
Pacific,USA-Pacific,Oceanic Manta,Mobula birostris,340,0.149253731,0.088356686,0.591989796,
Pacific,USA-Pacific,Ocellated eagle ray,Aetobatus ocellatus,196,0.069767442,0.069767442,1,
Pacific,USA-Pacific,Reef Manta,Mobula alfredi,339,0.02173913,0.021073647,0.969387755,
Pacific,USA-Pacific,Requiem Shark,Unknown sp.,292,0.25,0.25,1,
Pacific,USA-Pacific,Scalloped hammerhead shark,Sphyrna lewini,193,0.244897959,0.133318545,0.544384058,
Pacific,USA-Pacific,Tiger shark,Galeocerdo cuvier,19,0.1,0.066112957,0.661129568,
Pacific,USA-Pacific,Unknown Manta,Mobula spp.,478,0.05,0.05,1,
Pacific,USA-Pacific,Unknown Shark,Unknown sp.,50,0.163265306,0.092252457,0.565046296,
Pacific,USA-Pacific,Whitespotted eagle ray,Aetobatus narinari,25,0.125,0.088957889,0.711663113,
Pacific,USA-Pacific,Whitetip reef shark,Triaenodon obesus,144,1.244897959,0.381270041,0.306266098,
Western Atlantic,Antigua and Barbuda,Blacknose shark,Carcharhinus acronotus,18,0.025,0.025,1,x
Western Atlantic,Antigua and Barbuda,Caribbean reef shark,Carcharhinus perezi,24,0.475,0.3,0.631578947,
Western Atlantic,Antigua and Barbuda,Nurse shark,Ginglymostoma cirratum,23,0.3,0.2875,0.958333333,
Western Atlantic,Antigua and Barbuda,Southern stingray,Hypanus americanus,28,0.05,0.0375,0.75,
Western Atlantic,Antigua and Barbuda,Tiger shark,Galeocerdo cuvier,19,0.025,0.025,1,
Western Atlantic,Bahamas,Atlantic Chupare stingray,Styracura schmardae,27,0.03125,0.03125,1,
Western Atlantic,Bahamas,Blacknose shark,Carcharhinus acronotus,18,0.5,0.177922236,0.355844472,x
Western Atlantic,Bahamas,Bull shark,Carcharhinus leucas,150,0.102040816,0.082270408,0.80625,
Western Atlantic,Bahamas,Caribbean reef shark,Carcharhinus perezi,24,1.5,0.6398464,0.426564266,
Western Atlantic,Bahamas,Common Blacktip shark,Carcharhinus limbatus,22,0.025,0.021734322,0.869372886,x
Western Atlantic,Bahamas,Great hammerhead shark,Sphyrna mokarran,21,0.1,0.036461082,0.364610822,
Western Atlantic,Bahamas,Lemon shark,Negaprion brevirostris,20,0.046511628,0.032939706,0.708203673,
Western Atlantic,Bahamas,Nurse shark,Ginglymostoma cirratum,23,0.5,0.225500222,0.451000443,
Western Atlantic,Bahamas,Requiem Shark,Unknown sp.,292,0.1,0.05058244,0.505824402,
Western Atlantic,Bahamas,Sharpnose shark (Atlantic/Carib),Rhizoprionodon sp.,17,0.375,0.119941966,0.319845244,x
Western Atlantic,Bahamas,Southern stingray,Hypanus americanus,28,0.366666667,0.138895672,0.378806378,
Western Atlantic,Bahamas,Tiger shark,Galeocerdo cuvier,19,0.2,0.093519984,0.467599921,
Western Atlantic,Bahamas,Unknown Ray,Unknown sp.,51,0.222222222,0.08958634,0.403138528,
Western Atlantic,Bahamas,Unknown Shark,Unknown sp.,50,0.055555556,0.037981859,0.683673469,
Western Atlantic,Bahamas,Yellow round ray,Urobatis jamaicensis,26,0.137931034,0.053293066,0.386374729,
Western Atlantic,Barbados,Blacknose shark,Carcharhinus acronotus,18,0.064516129,0.064516129,1,x
Western Atlantic,Barbados,Caribbean reef shark,Carcharhinus perezi,24,0.148148148,0.081640781,0.551075269,
Western Atlantic,Barbados,Great hammerhead shark,Sphyrna mokarran,21,0.032258065,0.032258065,1,
Western Atlantic,Barbados,Nurse shark,Ginglymostoma cirratum,23,0.225806452,0.168458781,0.746031746,
Western Atlantic,Barbados,Requiem Shark,Unknown sp.,292,0.258064516,0.258064516,1,
Western Atlantic,Barbados,Sharpnose shark (Atlantic/Carib),Rhizoprionodon sp.,17,0.032258065,0.032258065,1,x
Western Atlantic,Barbados,Southern stingray,Hypanus americanus,28,0.6,0.378494624,0.630824373,
Western Atlantic,Barbados,Unknown Ray,Unknown sp.,51,0.028571429,0.028571429,1,
Western Atlantic,Barbados,Whitespotted eagle ray,Aetobatus narinari,25,0.028571429,0.028571429,1,
Western Atlantic,Belize,Atlantic Chupare stingray,Styracura schmardae,27,0.325,0.103289868,0.317814978,
Western Atlantic,Belize,Caribbean reef shark,Carcharhinus perezi,24,0.666666667,0.218652536,0.327978803,
Western Atlantic,Belize,Great hammerhead shark,Sphyrna mokarran,21,0.024390244,0.024390244,1,
Western Atlantic,Belize,Nurse shark,Ginglymostoma cirratum,23,1.32,0.360929504,0.273431442,
Western Atlantic,Belize,Requiem Shark,Unknown sp.,292,0.026315789,0.026315789,1,
Western Atlantic,Belize,Sharpnose shark (Atlantic/Carib),Rhizoprionodon sp.,17,0.111111111,0.048156981,0.433412826,x
Western Atlantic,Belize,Southern stingray,Hypanus americanus,28,0.525,0.205731604,0.391869721,
Western Atlantic,Belize,Unknown Ray,Unknown sp.,51,0.025,0.025,1,
Western Atlantic,Belize,Whitespotted eagle ray,Aetobatus narinari,25,0.434782609,0.113479837,0.261003626,
Western Atlantic,Belize,Yellow round ray,Urobatis jamaicensis,26,0.175,0.065365449,0.373516849,
Western Atlantic,Bermuda,Galapagos Shark,Carcharhinus galapagensis,386,0.038461538,0.038461538,1,
Western Atlantic,Brazil,Caribbean reef shark,Carcharhinus perezi,24,0.677419355,0.460092166,0.679183673,
Western Atlantic,Brazil,Lemon shark,Negaprion brevirostris,20,0.258064516,0.218317972,0.845982143,
Western Atlantic,Brazil,Nurse shark,Ginglymostoma cirratum,23,0.35483871,0.157962924,0.445168241,
Western Atlantic,Brazil,Requiem Shark,Unknown sp.,292,0.032258065,0.032258065,1,
Western Atlantic,Brazil,Southern stingray,Hypanus americanus,28,0.464285714,0.170426239,0.367071899,
Western Atlantic,Brazil,Unknown Ray,Unknown sp.,51,0.032258065,0.027492669,0.852272727,
Western Atlantic,Brazil,Whitespotted eagle ray,Aetobatus narinari,25,0.032258065,0.032258065,1,
Western Atlantic,British West Indies,Caribbean reef shark,Carcharhinus perezi,24,0.083333333,0.083333333,1,
Western Atlantic,British West Indies,Lemon shark,Negaprion brevirostris,20,0.020833333,0.020833333,1,
Western Atlantic,British West Indies,Nurse shark,Ginglymostoma cirratum,23,0.020833333,0.020833333,1,
Western Atlantic,British West Indies,Roughtail Stingray,Dasyatis centroura,405,0.0625,0.0625,1,
Western Atlantic,British West Indies,Sharpnose shark (Atlantic/Carib),Rhizoprionodon sp.,17,0.041666667,0.041666667,1,x
Western Atlantic,British West Indies,Southern stingray,Hypanus americanus,28,0.395833333,0.395833333,1,
Western Atlantic,British West Indies,Unknown Ray,Unknown sp.,51,0.041666667,0.041666667,1,
Western Atlantic,Colombia,Caribbean reef shark,Carcharhinus perezi,24,0.916666667,0.533756429,0.582279741,
Western Atlantic,Colombia,Chola guitarfish,Pseudobatos percellens,402,0.048780488,0.048780488,1,
Western Atlantic,Colombia,Great hammerhead shark,Sphyrna mokarran,21,0.055555556,0.0399729,0.719512195,
Western Atlantic,Colombia,Lemon shark,Negaprion brevirostris,20,0.04,0.04,1,
Western Atlantic,Colombia,Nurse shark,Ginglymostoma cirratum,23,0.707317073,0.347322825,0.491042615,
Western Atlantic,Colombia,Sharpnose shark (Atlantic/Carib),Rhizoprionodon sp.,17,0.609756098,0.295844625,0.485185185,x
Western Atlantic,Colombia,Southern stingray,Hypanus americanus,28,0.25,0.108897343,0.435589372,
Western Atlantic,Colombia,Tiger shark,Galeocerdo cuvier,19,0.083333333,0.053861789,0.646341463,
Western Atlantic,Colombia,Unknown Ray,Unknown sp.,51,0.020408163,0.020136054,0.986666667,
Western Atlantic,Colombia,Yellow round ray,Urobatis jamaicensis,26,0.06122449,0.058926682,0.962469136,
Western Atlantic,Cuba,Bull shark,Carcharhinus leucas,150,0.017857143,0.017857143,1,
Western Atlantic,Cuba,Carcharhinus sp.,Carcharhinus sp.,390,0.033898305,0.033898305,1,
Western Atlantic,Cuba,Caribbean reef shark,Carcharhinus perezi,24,1.34,0.697070218,0.520201655,
Western Atlantic,Cuba,Nurse shark,Ginglymostoma cirratum,23,0.1,0.056234867,0.562348668,
Western Atlantic,Cuba,Sharpnose shark (Atlantic/Carib),Rhizoprionodon sp.,17,0.016949153,0.016949153,1,x
Western Atlantic,Cuba,Southern stingray,Hypanus americanus,28,0.050847458,0.050847458,1,
Western Atlantic,Cuba,Whitespotted eagle ray,Aetobatus narinari,25,0.016949153,0.016949153,1,
Western Atlantic,Dominican Republic,Southern stingray,Hypanus americanus,28,0.19047619,0.08909632,0.467755682,
Western Atlantic,Dominican Republic,Unknown Ray,Unknown sp.,51,0.023809524,0.023809524,1,
Western Atlantic,Dominican Republic,Whitespotted eagle ray,Aetobatus narinari,25,0.025,0.025,1,
Western Atlantic,Dominican Republic,Yellow round ray,Urobatis jamaicensis,26,0.071428571,0.047294372,0.662121212,
Western Atlantic,Dutch Caribbean,Caribbean reef shark,Carcharhinus perezi,24,0.555555556,0.164216998,0.295590596,
Western Atlantic,Dutch Caribbean,Common Blacktip shark,Carcharhinus limbatus,22,0.105263158,0.059041835,0.560897436,x
Western Atlantic,Dutch Caribbean,Devil ray,Mobula sp.,297,0.035714286,0.035714286,1,
Western Atlantic,Dutch Caribbean,Great hammerhead shark,Sphyrna mokarran,21,0.096774194,0.052934756,0.546992481,
Western Atlantic,Dutch Caribbean,Nurse shark,Ginglymostoma cirratum,23,0.111111111,0.05811828,0.523064516,
Western Atlantic,Dutch Caribbean,Reef Manta,Mobula alfredi,339,0.026315789,0.026315789,1,
Western Atlantic,Dutch Caribbean,Southern stingray,Hypanus americanus,28,0.263157895,0.077628355,0.294987749,
Western Atlantic,Dutch Caribbean,Tiger shark,Galeocerdo cuvier,19,0.071428571,0.04532967,0.634615385,
Western Atlantic,Dutch Caribbean,Whitespotted eagle ray,Aetobatus narinari,25,0.131578947,0.052964396,0.40252941,
Western Atlantic,French West Indies,Atlantic Chupare stingray,Styracura schmardae,27,0.024390244,0.02283342,0.936170213,
Western Atlantic,French West Indies,Common Blacktip shark,Carcharhinus limbatus,22,0.024390244,0.024390244,1,x
Western Atlantic,French West Indies,Nurse shark,Ginglymostoma cirratum,23,0.041666667,0.041666667,1,
Western Atlantic,French West Indies,Requiem Shark,Unknown sp.,292,0.041666667,0.041666667,1,
Western Atlantic,French West Indies,Southern stingray,Hypanus americanus,28,0.1875,0.104011061,0.554725661,
Western Atlantic,French West Indies,Whitespotted eagle ray,Aetobatus narinari,25,0.020833333,0.020833333,1,
Western Atlantic,Jamaica,Blacknose shark,Carcharhinus acronotus,18,0.06,0.06,1,x
Western Atlantic,Jamaica,Caribbean numbfish,Narcine bancroftii,404,0.027027027,0.027027027,1,
Western Atlantic,Jamaica,Caribbean reef shark,Carcharhinus perezi,24,0.34,0.34,1,
Western Atlantic,Jamaica,Freckled guitarfish,Pseudobatos lentiginosus,401,0.041666667,0.041666667,1,
Western Atlantic,Jamaica,Nurse shark,Ginglymostoma cirratum,23,0.3,0.3,1,
Western Atlantic,Jamaica,Southern stingray,Hypanus americanus,28,0.176470588,0.099387917,0.563198198,
Western Atlantic,Jamaica,Tiger shark,Galeocerdo cuvier,19,0.02,0.02,1,
Western Atlantic,Jamaica,Whitespotted eagle ray,Aetobatus narinari,25,0.041666667,0.037769608,0.906470588,
Western Atlantic,Jamaica,Yellow round ray,Urobatis jamaicensis,26,0.24,0.159976815,0.666570063,
Western Atlantic,Puerto Rico,Caribbean reef shark,Carcharhinus perezi,24,0.1,0.1,1,
Western Atlantic,Puerto Rico,Nurse shark,Ginglymostoma cirratum,23,0.35,0.1875,0.535714286,
Western Atlantic,Puerto Rico,Southern stingray,Hypanus americanus,28,0.1,0.075,0.75,
Western Atlantic,Puerto Rico,Whitespotted eagle ray,Aetobatus narinari,25,0.05,0.05,1,
Western Atlantic,Trinidad and Tobago,Carcharhinus sp.,Carcharhinus sp.,390,0.048780488,0.048780488,1,
Western Atlantic,Trinidad and Tobago,Caribbean reef shark,Carcharhinus perezi,24,0.146341463,0.077521327,0.529729067,
Western Atlantic,Trinidad and Tobago,Common Blacktip shark,Carcharhinus limbatus,22,0.020408163,0.020408163,1,x
Western Atlantic,Trinidad and Tobago,Eagle Rays,Aetobatus sp.,296,0.083333333,0.083333333,1,
Western Atlantic,Trinidad and Tobago,Great hammerhead shark,Sphyrna mokarran,21,0.020408163,0.020408163,1,
Western Atlantic,Trinidad and Tobago,Lemon shark,Negaprion brevirostris,20,0.020408163,0.020408163,1,
Western Atlantic,Trinidad and Tobago,Nurse shark,Ginglymostoma cirratum,23,0.275862069,0.106790886,0.38711696,
Western Atlantic,Trinidad and Tobago,Requiem Shark,Unknown sp.,292,0.12244898,0.102040816,0.833333333,
Western Atlantic,Trinidad and Tobago,Scalloped hammerhead shark,Sphyrna lewini,193,0.024390244,0.024390244,1,x
Western Atlantic,Trinidad and Tobago,Sharpnose shark (Atlantic/Carib),Rhizoprionodon sp.,17,0.12195122,0.076831342,0.630017007,x
Western Atlantic,Trinidad and Tobago,Silky shark,Carcharhinus falciformis,413,0.024390244,0.024390244,1,
Western Atlantic,Trinidad and Tobago,Smooth dogfish,Mustelus canis,349,0.081632653,0.053011448,0.649390244,x
Western Atlantic,Trinidad and Tobago,Southern stingray,Hypanus americanus,28,0.473684211,0.210505024,0.444399495,
Western Atlantic,Trinidad and Tobago,Tiger shark,Galeocerdo cuvier,19,0.040816327,0.030612245,0.75,
Western Atlantic,Trinidad and Tobago,Unknown eagle ray,Unknown sp.,299,0.083333333,0.051870748,0.62244898,
Western Atlantic,Trinidad and Tobago,Unknown Ray,Unknown sp.,51,0.052631579,0.052631579,1,
Western Atlantic,Trinidad and Tobago,Whiprays,Himantura sp.,295,0.026315789,0.026315789,1,
Western Atlantic,Trinidad and Tobago,Whitespotted eagle ray,Aetobatus narinari,25,0.041666667,0.031037415,0.744897959,
Western Atlantic,Turks and Caicos,Caribbean reef shark,Carcharhinus perezi,24,0.631578947,0.335789474,0.531666667,
Western Atlantic,Turks and Caicos,Nurse shark,Ginglymostoma cirratum,23,0.32,0.265263158,0.828947368,
Western Atlantic,Turks and Caicos,Southern stingray,Hypanus americanus,28,0.052631579,0.052631579,1,
Western Atlantic,Turks and Caicos,Tiger shark,Galeocerdo cuvier,19,0.04,0.04,1,
Western Atlantic,Turks and Caicos,Unknown Ray,Unknown sp.,51,0.052631579,0.052631579,1,
Western Atlantic,Turks and Caicos,Whitespotted eagle ray,Aetobatus narinari,25,0.052631579,0.052631579,1,
Western Atlantic,USA-Western Atlantic,Blacknose shark,Carcharhinus acronotus,18,0.05,0.0375,0.75,x
Western Atlantic,USA-Western Atlantic,Bonnethead shark,Sphyrna tiburo,16,0.209302326,0.135385352,0.646841125,x
Western Atlantic,USA-Western Atlantic,Caribbean numbfish,Narcine bancroftii,404,0.025,0.025,1,
Western Atlantic,USA-Western Atlantic,Caribbean reef shark,Carcharhinus perezi,24,0.097560976,0.065969465,0.676187016,
Western Atlantic,USA-Western Atlantic,Eagle Rays,Aetobatus sp.,296,0.023255814,0.023255814,1,
Western Atlantic,USA-Western Atlantic,Great hammerhead shark,Sphyrna mokarran,21,0.025,0.024847561,0.993902439,
Western Atlantic,USA-Western Atlantic,Hammerhead,Sphyrna sp.,294,0.05,0.0375,0.75,
Western Atlantic,USA-Western Atlantic,Lemon shark,Negaprion brevirostris,20,0.075,0.04987163,0.664955071,
Western Atlantic,USA-Western Atlantic,Nurse shark,Ginglymostoma cirratum,23,0.325581395,0.181714822,0.558124096,
Western Atlantic,USA-Western Atlantic,Requiem Shark,Unknown sp.,292,0.023255814,0.023255814,1,
Western Atlantic,USA-Western Atlantic,Sharpnose shark (Atlantic/Carib),Rhizoprionodon sp.,17,0.1,0.049127907,0.49127907,x
Western Atlantic,USA-Western Atlantic,Southern stingray,Hypanus americanus,28,0.111111111,0.063479759,0.571317829,
Western Atlantic,USA-Western Atlantic,Tiger shark,Galeocerdo cuvier,19,0.025,0.025,1,
Western Atlantic,USA-Western Atlantic,Unknown Ray,Unknown sp.,51,0.023255814,0.023255814,1,
Western Atlantic,USA-Western Atlantic,Whitespotted eagle ray,Aetobatus narinari,25,0.093023256,0.047674419,0.5125,
Western Atlantic,USA-Western Atlantic,Yellow round ray,Urobatis jamaicensis,26,0.375,0.167772653,0.447393741,
